date,return_pct,garch_residual,conditional_sigma_pct,standardized_residual
1926-07-31,2.0068,0.6375263246617966,7.0808187876247635,0.09003567861050327
1926-08-31,5.6834,4.314126324661796,6.511059948375961,0.6625843347883563
1926-09-30,-0.7872,-2.1564736753382037,6.22995588224338,-0.34614589831760845
1926-10-31,-4.004,-5.373273675338203,5.812141575788987,-0.9244911888796845
1926-11-30,3.1964,1.8271263246617966,5.772603014444705,0.31651688503259334
1926-12-31,2.3073,0.9380263246617966,5.394292447786043,0.1738923749020665
1927-01-31,4.092,2.722726324661796,5.027550882003152,0.5415611673684279
1927-02-28,7.9905,6.621226324661796,4.810285410807384,1.3764726537401974
1927-03-31,-2.5905,-3.9597736753382033,5.185138225073837,-0.7636775537033664
1927-04-30,-0.4894,-1.8586736753382036,5.069541026800833,-0.3666354933340251
1927-05-31,7.0141,5.644826324661796,4.784171666787599,1.1798962741761514
1927-06-30,-2.0282,-3.3974736753382038,4.987480649629817,-0.6812003722942509
1927-07-31,7.2634,5.894126324661796,4.840837279699245,1.2175840632734491
1927-08-31,-1.9351,-3.3043736753382036,5.07487310635875,-0.6511243938686597
1927-09-30,5.9339,4.564626324661797,4.904900937561633,0.930625589133917
1927-10-31,-6.6283,-7.997573675338204,4.916058834263378,-1.626826273843112
1927-11-30,6.6385,5.269226324661796,5.546190718843998,0.9500622304167842
1927-12-31,3.4734,2.104126324661796,5.53968002863513,0.3798281333552422
1928-01-31,-2.3184,-3.6876736753382033,5.206720191808064,-0.7082527079408193
1928-02-29,-2.7041,-4.073373675338203,5.056648386798348,-0.8055481346048836
1928-03-31,7.6792,6.309926324661796,4.9762167196995675,1.2680167846553816
1928-04-30,4.4954,3.1261263246617963,5.25407748781159,0.594990525342229
1928-05-31,0.6499,-0.7193736753382035,5.03958749437423,-0.1427445552123565
1928-06-30,-5.4462,-6.815473675338204,4.7114756903155754,-1.4465687872161561
1928-07-31,0.8343,-0.5349736753382035,5.1488430773682055,-0.10390172458152512
1928-08-31,6.8627,5.4934263246617965,4.803388861485259,1.1436563815828915
1928-09-30,4.2356,2.866326324661796,4.977067385887933,0.5759066740364074
1928-10-31,2.2058,0.8365263246617964,4.779878540015895,0.17500995426110025
1928-11-30,12.9533,11.584026324661798,4.487985450385048,2.581119402619263
1928-12-31,1.1951,-0.1741736753382035,6.16939494218986,-0.02823188934576129
1929-01-31,2.5744,1.2051263246617963,5.698317784996108,0.21148808650773052
1929-02-28,3.0873,1.7180263246617964,5.302623364027786,0.3239955408329834
1929-03-31,-0.1211,-1.4903736753382035,4.978710318185275,-0.2993493455312018
1929-04-30,2.8092,1.4399263246617966,4.685792041651381,0.30729625042308395
1929-05-31,-6.2167,-7.585973675338204,4.429621532945347,-1.7125557158591227
1929-06-30,7.4366,6.0673263246617966,5.106752813526391,1.1880986893650127
1929-07-31,5.0609,3.6916263246617964,5.3129882463555935,0.6948305084608537
1929-08-31,7.2167,5.847426324661797,5.146591631706061,1.1361745293017185
1929-09-30,-6.3774,-7.7466736753382035,5.307209901473827,-1.4596508936243373
1929-10-31,-10.5728,-11.942073675338204,5.782002249555824,-2.0653872412892262
1929-11-30,-7.7931,-9.162373675338204,7.084418787292061,-1.2933133896281725
1929-12-31,1.4058,0.036526324661796394,7.41844592995665,0.004923716504328534
1930-01-31,2.8546,1.4853263246617965,6.806778583299251,0.2182128163102167
1930-02-28,1.2148,-0.15447367533820344,6.289359923431207,-0.02456111229422678
1930-03-31,5.3549,3.985626324661796,5.804388498686601,0.686657401647676
1930-04-30,-6.6843,-8.053573675338203,5.593837520406113,-1.4397224885347606
1930-05-31,-1.4025,-2.7717736753382036,6.059329064438831,-0.45743904083461495
1930-06-30,-11.8401,-13.209373675338203,5.703080929770756,-2.3161820493171876
1930-07-31,5.2714,3.902126324661796,7.365795978347872,0.5297630203351128
1930-08-31,-1.6172,-2.9864736753382033,6.92763942847112,-0.4310954266852333
1930-09-30,-17.1584,-18.527673675338203,6.474910233134283,-2.8614564539483336
1930-10-31,-11.4885,-12.857773675338203,9.348060602498698,-1.3754482584228618
1930-11-30,-6.5961,-7.965373675338204,9.884004944626094,-0.8058852378123258
1930-12-31,-10.4791,-11.848373675338204,9.526397593018745,-1.2437412526242952
1931-01-31,14.6935,13.324226324661797,9.83274947417695,1.3550865258648424
1931-02-28,12.0039,10.634626324661797,10.350383385886408,1.0274620686189244
1931-03-31,-8.9363,-10.305573675338202,10.29313846991314,-1.0012081062992992
1931-04-30,-11.7804,-13.149673675338203,10.195302845680782,-1.2897776431338706
1931-05-31,-19.9965,-21.365773675338204,10.600279205479127,-2.0155859351605145
1931-06-30,25.3831,24.013826324661796,12.728275891967881,1.8866519337324867
1931-07-31,-12.3846,-13.753873675338204,14.855546101973609,-0.9258410011269095
1931-08-31,0.0541,-1.3151736753382035,14.49808103704303,-0.09071363803098462
1931-09-30,-35.1664,-36.53567367533821,13.166510084036833,-2.7748942918165014
1931-10-31,11.8243,10.455026324661796,18.555040610168465,0.5634601693586309
1931-11-30,-14.5672,-15.936473675338203,17.29545652476763,-0.921425442139482
1931-12-31,-20.6907,-22.059973675338203,16.853930372272185,-1.3088919431891635
1932-01-31,6.6353,5.266026324661796,17.51633974656973,0.30063508705881636
1932-02-29,0.3533,-1.0159736753382036,16.00691283779839,-0.06347093194254826
1932-03-31,-14.7818,-16.151073675338203,14.52084966361823,-1.1122678114218394
1932-04-30,-17.5944,-18.963673675338203,14.593553397348794,-1.2994555307402602
1932-05-31,-25.6041,-26.973373675338202,15.152365029959208,-1.780142810842171
1932-06-30,8.8621,7.492826324661796,17.28172508221981,0.4335693508034531
1932-07-31,67.7486,66.37932632466179,15.932218075009244,4.166358131187159
1932-08-31,62.699,61.32972632466179,29.549679346453974,2.075478573070252
1932-09-30,-4.9713,-6.340573675338204,35.80414573805872,-0.17709048895414273
1932-10-31,-23.3789,-24.748173675338204,32.476998589616045,-0.7620215768107033
1932-11-30,-16.194,-17.563273675338202,30.910303214350574,-0.5682012742982149
1932-12-31,-4.6781,-6.0473736753382035,28.783175655629915,-0.2101009891226284
1933-01-31,9.8765,8.507226324661797,26.14829567263769,0.32534534683130406
1933-02-28,-17.3652,-18.734473675338204,23.893170282869193,-0.7840932556685605
1933-03-31,6.5204,5.151126324661797,22.81884273399892,0.22574003356387917
1933-04-30,57.7461,56.37682632466179,20.755126792628072,2.716284361350471
1933-05-31,41.5667,40.19742632466179,28.85454338482429,1.3931056121235714
1933-06-30,22.2653,20.896026324661797,30.417727769803232,0.6869686809876059
1933-07-31,-9.2208,-10.590073675338203,28.690056122519557,-0.36912000555571534
1933-08-31,18.8615,17.492226324661797,26.2822726297934,0.6655522743810492
1933-09-30,-19.387,-20.756273675338203,24.735578748160332,-0.8391262596547056
1933-10-31,-17.7448,-19.114073675338204,23.79511226429594,-0.8032773059876865
1933-11-30,12.6924,11.323126324661796,22.782574436558203,0.49700820055226375
1933-12-31,3.3523,1.9830263246617965,21.08925653773558,0.094030167498485
1934-01-31,24.1475,22.778226324661798,19.113423454534473,1.1917397413835817
1934-02-28,-3.8113,-5.180573675338204,19.444104447698063,-0.266434162050159
1934-03-31,-0.6204,-1.9896736753382034,17.728441379513402,-0.11223060351134007
1934-04-30,-4.6232,-5.9924736753382035,16.085517791022813,-0.37253843818957144
1934-05-31,-13.5106,-14.879873675338203,14.770760373943038,-1.0073871147207596
1934-06-30,2.8634,1.4941263246617964,14.594657854747641,0.10237487850225671
1934-07-31,-23.1877,-24.556973675338202,13.256253810965662,-1.8524821586491131
1934-08-31,5.7691,4.399826324661796,15.358183354004295,0.2864809087928125
1934-09-30,-0.105,-1.4742736753382035,14.035491329270164,-0.10503897873982476
1934-10-31,-7.3683,-8.737573675338203,12.753048978013958,-0.6851360557308007
1934-11-30,10.6573,9.288026324661796,12.0730131277079,0.769321314108863
1934-12-31,-2.2372,-3.6064736753382034,11.55253369285915,-0.31218032089077014
1935-01-31,-9.059,-10.428273675338202,10.600357015855264,-0.9837662693568082
1935-02-28,-13.2262,-14.595473675338203,10.467661822275188,-1.3943394354104017
1935-03-31,-7.7499,-9.119173675338203,11.091107282953994,-0.8222058846508076
1935-04-30,13.0598,11.690526324661796,10.696263432217734,1.0929542263749121
1935-05-31,3.9559,2.586626324661797,10.744800178646518,0.24073284580966722
1935-06-30,8.0813,6.712026324661797,9.833667205633878,0.6825557733758125
1935-07-31,16.5222,15.152926324661799,9.336346204862,1.623003902401429
1935-08-31,3.955,2.5857263246617963,10.354184680701035,0.2497276612692916
1935-09-30,1.0452,-0.32407367533820364,9.485096620175646,-0.034166618255513606
1935-10-31,6.0823,4.713026324661796,8.653795297137568,0.5446195759010769
1935-11-30,14.4767,13.107426324661796,8.11804557162395,1.6146036886609594
1935-12-31,8.6613,7.292026324661797,9.006625465412322,0.8096291283194786
1936-01-31,12.333,10.963726324661797,8.698399503101813,1.2604303033853732
1936-02-29,7.265,5.895726324661796,9.01728640725258,0.6538248934756999
1936-03-31,-1.2306,-2.5998736753382037,8.546484616273922,-0.30420386768000657
1936-04-30,-10.2999,-11.669173675338202,7.878097871787596,-1.481217149780139
1936-05-31,6.4847,5.115426324661796,8.521147606843012,0.600321290122212
1936-06-30,0.2592,-1.1100736753382034,8.039762706145636,-0.1380729401988018
1936-07-31,12.2299,10.860626324661798,7.373230861172156,1.4729806416145816
1936-08-31,4.3381,2.968826324661796,7.973225756143808,0.37234946249629924
1936-09-30,0.4526,-0.9166736753382035,7.391707976161596,-0.1240137838635528
1936-10-31,8.6113,7.242026324661796,6.792291547449353,1.06621252548874
1936-11-30,-0.4836,-1.8528736753382036,6.853548373147916,-0.27035246188641937
1936-12-31,1.0334,-0.33587367533820345,6.345315498049859,-0.0529325414065588
1937-01-31,6.3189,4.949626324661796,5.855077363109368,0.845356263923603
1937-02-28,6.987,5.617726324661796,5.750890502894636,0.9768445985598555
1937-03-31,6.0555,4.686226324661797,5.757557601210664,0.8139260862412224
1937-04-30,-10.7727,-12.141973675338203,5.6360277780126005,-2.154349508834351
1937-05-31,-2.9875,-4.356773675338204,7.039408616636956,-0.6189118877175839
1937-06-30,-7.4491,-8.818373675338202,6.687092642006902,-1.318715643319048
1937-07-31,10.9747,9.605426324661797,7.04487464097577,1.3634630584897633
1937-08-31,-7.7857,-9.154973675338203,7.471997117268744,-1.2252378489520404
1937-09-30,-19.2962,-20.665473675338202,7.721536305405281,-2.676342227500999
1937-10-31,-14.2683,-15.637573675338203,10.699513489456775,-1.4615219365578964
1937-11-30,-8.1223,-9.491573675338202,11.479243955201673,-0.8268465860974421
1937-12-31,-6.833,-8.202273675338203,11.073041547717832,-0.7407426080712848
1938-01-31,-0.6399,-2.0091736753382037,10.568254209946973,-0.1901140562503828
1938-02-28,6.0154,4.646126324661796,9.655398941481645,0.4811946510776526
1938-03-31,-30.5784,-31.9476736753382,8.988356981244928,-3.554339657625982
1938-04-30,15.8651,14.495826324661797,14.875628313572529,0.9744681716358696
1938-05-31,-6.0246,-7.393873675338204,14.623364640915495,-0.5056205501879156
1938-06-30,30.1194,28.750126324661796,13.576476793211908,2.1176426522554475
1938-07-31,9.2222,7.852926324661797,16.631296448832824,0.47217764104090104
1938-08-31,-5.1819,-6.5511736753382035,15.383361862639653,-0.42586098759390933
1938-09-30,-0.966,-2.3352736753382035,14.18379406347463,-0.1646437945226432
1938-10-31,14.1787,12.809426324661796,12.905578050591682,0.9925495994404158
1938-11-30,-2.8723,-4.241573675338204,12.735195673373653,-0.33305916800370433
1938-12-31,8.8779,7.508626324661797,11.687017391501277,0.6424758407668685
1939-01-31,-11.0153,-12.384573675338203,11.02094859095897,-1.123730282663498
1939-02-28,6.895,5.525726324661796,11.123451020128249,0.49676366755809986
1939-03-31,-21.3839,-22.753173675338203,10.347047454111113,-2.199001577623756
1939-04-30,-3.1957,-4.564973675338203,12.919191897543884,-0.35334823660341075
1939-05-31,9.2792,7.909926324661796,11.86896221331423,0.6664379060697226
1939-06-30,-11.1578,-12.527073675338203,11.220331898508467,-1.1164619539466067
1939-07-31,13.7348,12.365526324661797,11.308820437571981,1.0934408582153323
1939-08-31,-10.9028,-12.272073675338202,11.353930665270946,-1.08086565235735
1939-09-30,40.8037,39.43442632466179,11.37540178676746,3.4666403054469908
1939-10-31,-4.3089,-5.678173675338204,18.482016147421454,-0.30722696214776346
1939-11-30,-9.629,-10.998273675338202,16.890887212646028,-0.6511365292347646
1939-12-31,1.0133,-0.35597367533820345,15.896490432421457,-0.022393224268684016
1940-01-31,-5.1493,-6.518573675338204,14.416671557221653,-0.45215524606114066
1940-02-29,1.4857,0.11642632466179648,13.325935811265474,0.008736821661963285
1940-03-31,2.256,0.8867263246617962,12.10178700872171,0.07327234597855144
1940-04-30,0.2658,-1.1034736753382035,11.006327275750547,-0.10025811950635051
1940-05-31,-24.7936,-26.162873675338204,10.026122790998308,-2.6094707017579974
1940-06-30,10.6333,9.264026324661797,13.664360490818483,0.6779699884884177
1940-07-31,3.3044,1.9351263246617962,12.917244546451187,0.14980952924619223
1940-08-31,3.4978,2.128526324661796,11.758122153245655,0.18102604284258503
1940-09-30,1.0578,-0.31147367533820347,10.724026650095277,-0.029044470468136723
1940-10-31,8.1008,6.731526324661796,9.764341626166738,0.6893988947111883
1940-11-30,-0.7351,-2.1043736753382034,9.278841562511323,-0.22679271557350028
1940-12-31,0.1915,-1.1777736753382035,8.507541058917084,-0.13843878826817219
1941-01-31,-1.527,-2.8962736753382035,7.791773426684038,-0.37170917540023707
1941-02-28,-0.3844,-1.7536736753382036,7.227455794143721,-0.2426405259730781
1941-03-31,3.3749,2.0056263246617965,6.671618647080182,0.30062064856473086
1941-04-30,-2.0337,-3.4029736753382034,6.19206025649218,-0.5495705038997792
1941-05-31,2.3589,0.9896263246617967,5.868678400309989,0.16862848109201617
1941-06-30,3.0391,1.6698263246617964,5.445769975299309,0.306628141150971
1941-07-31,10.1336,8.764326324661797,5.10097456475352,1.7181670313004767
1941-08-31,-2.2669,-3.6361736753382035,5.849066921300828,-0.6216673059588659
1941-09-30,-1.6697,-3.0389736753382035,5.595958604036649,-0.5430657891475533
1941-10-31,-2.6595,-4.028773675338203,5.324186299715015,-0.7566928444171552
1941-11-30,-1.7488,-3.1180736753382035,5.193960535975282,-0.6003267937330825
1941-12-31,-9.3434,-10.712673675338204,4.987655609292852,-2.1478374840834373
1942-01-31,10.6456,9.276326324661797,6.244992071214264,1.485402418270505
1942-02-28,-2.3738,-3.743073675338204,6.797712106248984,-0.5506372757235894
1942-03-31,-6.1333,-7.502573675338204,6.421473161958373,-1.1683570866237374
1942-04-30,-2.8613,-4.230573675338204,6.599036305830674,-0.6410896196464656
1942-05-31,0.6438,-0.7254736753382035,6.296585221085282,-0.11521700252842136
1942-06-30,2.7638,1.3945263246617963,5.817300647938606,0.23972051799591185
1942-07-31,7.5374,6.168126324661796,5.414006118748529,1.1392906083540935
1942-08-31,4.1308,2.761526324661796,5.572679532726449,0.4955473051059715
1942-09-30,3.6122,2.2429263246617968,5.281275297805183,0.42469407447741314
1942-10-31,12.0539,10.684626324661798,4.991640994497962,2.1405037614762223
1942-11-30,-4.4601,-5.8293736753382035,6.240346229193659,-0.9341426679287699
1942-12-31,5.9985,4.629226324661796,6.189493909687767,0.7479167751366801
1943-01-31,9.7117,8.342426324661798,5.9917174562019255,1.392326388158823
1943-02-28,11.2328,9.863526324661796,6.418384229775876,1.5367615854007888
1943-03-31,11.1044,9.735126324661797,7.049647880713831,1.3809379545459002
1943-04-30,2.51,1.1407263246617962,7.50093116559715,0.15207796198606802
1943-05-31,7.1352,5.765926324661796,6.894465899621867,0.8363122551636717
1943-06-30,-0.0172,-1.3864736753382036,6.724448927058266,-0.20618398479602135
1943-07-31,-5.4549,-6.824173675338204,6.213139455975231,-1.0983454859966706
1943-08-31,0.2128,-1.1564736753382037,6.319112975232827,-0.183012027142242
1943-09-30,2.591,1.2217263246617966,5.847690903173048,0.20892457294534306
1943-10-31,0.3929,-0.9763736753382035,5.434419236741206,-0.17966476872765044
1943-11-30,-9.3915,-10.760773675338204,5.0638261477178945,-2.125028261522711
1943-12-31,7.3717,6.002426324661796,6.307232570025418,0.9516735363759714
1944-01-31,4.8693,3.500026324661796,6.269310490441354,0.5582793083861759
1944-02-29,2.4061,1.0368263246617964,5.943809940999622,0.17443800103867793
1944-03-31,3.4509,2.081626324661796,5.513247659730169,0.37756807840619944
1944-04-30,-1.5816,-2.9508736753382037,5.182378535226711,-0.569405275064322
1944-05-31,5.4497,4.080426324661796,4.9624095810048,0.8222671381824115
1944-06-30,7.4249,6.055626324661796,4.898981605421245,1.2360990124887592
1944-07-31,-0.8528,-2.2220736753382035,5.148594359131555,-0.43158841430129957
1944-08-31,1.1378,-0.23147367533820362,4.87563945403461,-0.047475552185602704
1944-09-30,-0.2382,-1.6074736753382035,4.560698592775993,-0.352462159609581
1944-10-31,-0.087,-1.4562736753382035,4.330537428240035,-0.33628012676709385
1944-11-30,3.1652,1.7959263246617965,4.124537501822894,0.4354248988809202
1944-12-31,9.742,8.372726324661798,3.9693074568056703,2.1093670409194787
1945-01-31,3.4039,2.0346263246617964,4.981330380643056,0.40845038758484026
1945-02-28,9.9773,8.608026324661797,4.71882029167965,1.8241903256709517
1945-03-31,-4.7571,-6.126373675338204,5.544028625048257,-1.1050400511387832
1945-04-30,10.8404,9.471126324661798,5.669337020731481,1.6705879876303058
1945-05-31,1.4366,0.06732632466179655,6.41531518445598,0.010494624617185639
1945-06-30,3.5046,2.135326324661796,5.915688160879054,0.36095991989281817
1945-07-31,-4.4963,-5.8655736753382035,5.536143718372493,-1.0595053115894462
1945-08-31,2.6993,1.3300263246617965,5.621245019109867,0.2366070719458531
1945-09-30,5.7316,4.3623263246617965,5.239542012450497,0.8325777929246085
1945-10-31,5.4782,4.108926324661796,5.164181132780764,0.7956588312868214
1945-11-30,9.3854,8.016126324661798,5.069963071404724,1.5811015212070936
1945-12-31,-0.4898,-1.8590736753382036,5.662212294763264,-0.3283299139203206
1946-01-31,7.8636,6.494326324661796,5.299516192221601,1.225456454722015
1946-02-28,-7.3809,-8.750173675338203,5.538547431297053,-1.5798679678886547
1946-03-31,5.1563,3.787026324661796,6.162607428824275,0.6145168856527826
1946-04-30,2.6499,1.2806263246617966,5.878817633150816,0.21783739598253724
1946-05-31,6.3692,4.999926324661796,5.463821333553975,0.9150969659195581
1946-06-30,-4.1657,-5.534973675338204,5.434162474832577,-1.0185513776911377
1946-07-31,-2.405,-3.774273675338203,5.487807742621934,-0.6877561773938807
1946-08-31,-6.2692,-7.638473675338203,5.3031191536467865,-1.4403737600512838
1946-09-30,-11.8352,-13.204473675338203,5.757175164234168,-2.2935681647085495
1946-10-31,0.4682,-0.9010736753382036,7.39877757522395,-0.12178683115919044
1946-11-30,-0.1681,-1.5373736753382035,6.798262615151401,-0.22614214283394013
1946-12-31,3.9581,2.588826324661796,6.283718316755674,0.4119895568454483
1947-01-31,1.9776,0.6083263246617965,5.885576035629247,0.10335884218965125
1947-02-28,-1.7978,-3.1670736753382034,5.452228930892211,-0.5808768698969393
1947-03-31,-1.5455,-2.9147736753382034,5.212437845211671,-0.5591958622616128
1947-04-30,-4.6801,-6.049373675338204,4.984862474816228,-1.2135487600510424
1947-05-31,-2.073,-3.4422736753382033,5.214412134480358,-0.660146069501513
1947-06-30,4.533,3.1637263246617966,5.0369969013586315,0.6280977309730811
1947-07-31,7.2605,5.891226324661797,4.858803124151312,1.2124850861683798
1947-08-31,-2.2447,-3.6139736753382037,5.088374277269938,-0.7102413223575226
1947-09-30,-0.1748,-1.5440736753382036,4.949055085106867,-0.31199363288252063
1947-10-31,3.0514,1.6821263246617966,4.662691332729715,0.3607629595495906
1947-11-30,-1.7997,-3.1689736753382034,4.42257150720117,-0.7165454917299217
1947-12-31,6.5953,5.226026324661796,4.34332853176292,1.2032307218861467
1948-01-31,-3.3686,-4.737873675338204,4.571767767423915,-1.036332971481595
1948-02-29,-4.718,-6.087273675338204,4.6724133193465605,-1.302811472207153
1948-03-31,11.0961,9.726826324661797,4.979385627980247,1.9534189659874206
1948-04-30,7.1082,5.738926324661796,5.991163479518138,0.957898469017135
1948-05-31,7.8488,6.479526324661796,5.97176554971546,1.085026910503968
1948-06-30,1.7024,0.33312632466179637,6.069343898564573,0.05488671102334179
1948-07-31,-4.3639,-5.733173675338204,5.610934761830254,-1.0217858376004494
1948-08-31,0.5727,-0.7965736753382036,5.661090487061,-0.14071028844334038
1948-09-30,-3.748,-5.117273675338204,5.258232436728158,-0.9731927481171481
1948-10-31,6.2679,4.898626324661796,5.282825155894582,0.9272739831633277
1948-11-30,-13.4466,-14.815873675338203,5.27160304315005,-2.810506321144577
1948-12-31,2.2911,0.9218263246617966,7.561442547438601,0.1219114367236792
1949-01-31,1.3242,-0.0450736753382035,6.943357529120366,-0.006491625290670255
1949-02-28,-4.0524,-5.421673675338203,6.384195498244783,-0.8492336547069701
1949-03-31,5.0549,3.685626324661796,6.253143329820994,0.5894037814686238
1949-04-30,-2.6201,-3.9893736753382036,5.946812952031919,-0.6708422994833068
1949-05-31,-5.3824,-6.751673675338203,5.715144578814926,-1.1813653324476716
1949-06-30,-2.4518,-3.8210736753382033,5.91013526076912,-0.6465289721374236
1949-07-31,6.793,5.423726324661796,5.666512483341533,0.9571542179791395
1949-08-31,2.8538,1.4845263246617966,5.660335381205511,0.2622682623349483
1949-09-30,4.3629,2.993626324661796,5.280025024037715,0.5669719955934082
1949-10-31,3.2686,1.8993263246617966,5.049601704695376,0.37613388851950574
1949-11-30,1.4005,0.031226324661796534,4.769328445497078,0.006547321078563715
1949-12-31,6.949,5.579726324661796,4.467027072626792,1.2490916741591833
1950-01-31,3.6973,2.3280263246617965,4.729457586962251,0.4922396029260296
1950-02-28,1.0674,-0.30187367533820364,4.523497962389866,-0.066734566445724
1950-03-31,0.7551,-0.6141736753382036,4.2545924841667615,-0.14435546474164518
1950-04-30,5.3261,3.9568263246617965,4.0269373205394965,0.9825894990915063
1950-05-31,4.1455,2.7762263246617964,4.120675480007896,0.6737308817768093
1950-06-30,-5.0161,-6.3853736753382035,4.050340690552672,-1.5765028581995442
1950-07-31,13.0953,11.726026324661797,4.574039803906799,2.5636039097531054
1950-08-31,2.5836,1.2143263246617966,6.26080460629967,0.19395691145510785
1950-09-30,4.5622,3.192926324661796,5.798008412585413,0.550693634340214
1950-10-31,2.019,0.6497263246617966,5.511120973533554,0.11789367857864548
1950-11-30,4.239,2.869726324661796,5.12329305274745,0.5601331594964801
1950-12-31,10.5899,9.220626324661797,4.904774214502642,1.8799288043469693
1951-01-31,8.6861,7.316826324661796,5.817665913114215,1.2576910455047212
1951-02-28,-1.6558,-3.0250736753382035,6.0905346723051235,-0.49668441903693894
1951-03-31,-4.9784,-6.3476736753382035,5.749461245388091,-1.1040466931453736
1951-04-30,6.7872,5.417926324661797,5.86967607815268,0.9230366808191809
1951-05-31,-3.5315,-4.900773675338203,5.826208730060481,-0.8411599896949331
1951-06-30,-6.8166,-8.185873675338204,5.720548117902028,-1.430959674951623
1951-07-31,9.4439,8.074626324661796,6.181481973873839,1.3062605955641982
1951-08-31,4.9224,3.553126324661796,6.513060541519064,0.5455386606667544
1951-09-30,1.4004,0.031126324661796545,6.158801326649793,0.005053958231630172
1951-10-31,-2.0565,-3.4257736753382035,5.688558587098022,-0.6022217443814423
1951-11-30,0.7533,-0.6159736753382036,5.4385417049492,-0.11326081673284828
1951-12-31,1.621,0.25172632466179645,5.058894842517093,0.04975915343133482
1952-01-31,3.7746,2.4053263246617966,4.721103045105726,0.5094839705215397
1952-02-29,-3.4862,-4.855473675338204,4.522466436226666,-1.0736339879593189
1952-03-31,6.6239,5.254626324661796,4.651372689231331,1.1296936787772551
1952-04-30,-5.5278,-6.897073675338204,4.817668792410559,-1.4316205560256454
1952-05-31,3.4591,2.0898263246617965,5.24462069301768,0.3984704418079356
1952-06-30,4.6821,3.3128263246617964,4.94987273409787,0.6692750506171488
1952-07-31,1.6611,0.2918263246617965,4.80028404469737,0.0607935534531883
1952-08-31,-0.9747,-2.3439736753382037,4.49544699656481,-0.5214105910111605
1952-09-30,-2.3841,-3.753373675338204,4.325462283759665,-0.8677393141146049
1952-10-31,-0.4277,-1.7969736753382035,4.333646232689533,-0.4146562914580528
1952-11-30,7.692,6.322726324661796,4.147403181885644,1.5245024530716416
1952-12-31,3.7137,2.3444263246617965,4.6316149857579045,0.5061790178740777
1953-01-31,1.5487,0.17942632466179642,4.441317751645947,0.04039934422510104
1953-02-28,-0.8067,-2.1759736753382035,4.182197151468641,-0.5202943803292673
1953-03-31,-2.5814,-3.9506736753382032,4.046521124303771,-0.9763136170499891
1953-04-30,-1.8563,-3.225573675338204,4.135432571279759,-0.7799845892155391
1953-05-31,1.3392,-0.030073675338203598,4.112356342196662,-0.007313003260349613
1953-06-30,-1.8499,-3.2191736753382036,3.8970759044748373,-0.826048492317476
1953-07-31,1.8937,0.5244263246617964,3.9167658895012525,0.1338926909232696
1953-08-31,-8.0486,-9.417873675338203,3.7343711425074835,-2.5219436729618874
1953-09-30,-1.6498,-3.0190736753382037,5.112617439767169,-0.5905142934918467
1953-10-31,4.6587,3.289426324661796,4.9091908421228085,0.6700546852726137
1953-11-30,3.3186,1.9493263246617965,4.763585810022299,0.40921406738607097
1953-12-31,-2.122,-3.4912736753382037,4.525755068849171,-0.7714234690623636
1954-01-31,7.8529,6.483626324661796,4.46570668235538,1.451870171025673
1954-02-28,0.7611,-0.6081736753382035,4.899225087214845,-0.1241367082572529
1954-03-31,1.7585,0.3892263246617964,4.586504118242489,0.08486339805379806
1954-04-30,4.0039,2.634626324661796,4.310405823728328,0.6112246578172424
1954-05-31,6.6566,5.287326324661796,4.194830006935291,1.2604387581666687
1954-06-30,1.0679,-0.3013736753382035,4.467928503451638,-0.06745266292989721
1954-07-31,8.9957,7.626426324661796,4.2063412280333115,1.8130783764843434
1954-08-31,-5.0424,-6.4116736753382035,4.959473581562296,-1.2928133540573163
1954-09-30,6.4698,5.1005263246617965,5.2597155744992925,0.9697342474925271
1954-10-31,0.3371,-1.0321736753382036,5.281588975294242,-0.1954286257727392
1954-11-30,15.9077,14.538426324661797,4.931656487393494,2.9479803311170456
1954-12-31,11.761,10.391726324661796,7.287903653364259,1.4258868968259129
1955-01-31,3.5531,2.183826324661797,7.8132953720055935,0.2795013141940429
1955-02-28,3.4232,2.0539263246617967,7.20865669618293,0.28492497440603254
1955-03-31,2.2309,0.8616263246617966,6.667921114545944,0.12921963380493134
1955-04-30,4.4279,3.0586263246617964,6.148714256307503,0.4974416109065699
1955-05-31,0.2003,-1.1689736753382036,5.802485598617492,-0.2014608490569498
1955-06-30,8.8486,7.479326324661796,5.392924088087284,1.386877731356033
1955-07-31,0.3943,-0.9749736753382036,5.79370529214065,-0.1682815445688594
1955-08-31,1.4502,0.08092632466179639,5.379379803614408,0.015043802002495148
1955-09-30,-2.3113,-3.680573675338204,5.0013310605001955,-0.7359188245718932
1955-10-31,-3.2843,-4.653573675338204,4.883533152822518,-0.9529112488257798
1955-11-30,9.7422,8.372926324661798,4.911252180300659,1.7048455296688145
1955-12-31,-1.7066,-3.0758736753382037,5.625675858786558,-0.546756292496678
1956-01-31,-2.3513,-3.720573675338204,5.352889831010261,-0.6950588920743794
1956-02-29,3.4671,2.0978263246617965,5.183382785437138,0.404721474662396
1956-03-31,5.2002,3.830926324661796,4.897404878272838,0.7822359841346922
1956-04-30,0.8139,-0.5553736753382036,4.814430051655575,-0.11535605863610439
1956-05-31,-6.6455,-8.014773675338203,4.5115219821943455,-1.7765121630727203
1956-06-30,1.7546,0.3853263246617964,5.2617434288494085,0.0732316825919534
1956-07-31,4.8836,3.5143263246617966,4.9002068248634245,0.7171791824847609
1956-08-31,-3.1393,-4.508573675338203,4.7802187311291755,-0.9431730907998002
1956-09-30,-3.6841,-5.053373675338204,4.806702034571634,-1.05131827165329
1956-10-31,1.3296,-0.03967367533820365,4.908905453857047,-0.00808197992630538
1956-11-30,0.5735,-0.7957736753382035,4.588905300459586,-0.17341252940183918
1956-12-31,1.6779,0.3086263246617964,4.320907844242765,0.071426268688654
1957-01-31,-1.6363,-3.0055736753382036,4.079009072937152,-0.7368391738275774
1957-02-28,-3.0667,-4.435973675338204,4.040556339109619,-1.0978621019093917
1957-03-31,1.7198,0.35052632466179645,4.204299341746356,0.08337330341378522
1957-04-30,2.6026,1.2333263246617963,3.9787317113866685,0.30997976594706284
1957-05-31,1.8322,0.4629263246617965,3.812235427403059,0.12143172515899615
1957-06-30,-0.737,-2.1062736753382034,3.643667990075775,-0.5780641049280675
1957-07-31,1.0727,-0.29657367533820356,3.589732562828077,-0.08261720619782208
1957-08-31,-6.0775,-7.4467736753382034,3.451336615350058,-2.157649196609268
1957-09-30,-6.5635,-7.932773675338204,4.411867313597598,-1.798053547732271
1957-10-31,-7.3007,-8.669973675338204,5.173223426785377,-1.6759325782156862
1957-11-30,-0.4917,-1.8609736753382036,5.879623948608625,-0.31651236398861715
1957-12-31,-5.9175,-7.286773675338204,5.489628487005598,-1.327371003809565
1958-01-31,12.0748,10.705526324661797,5.830785620348045,1.8360349739668143
1958-02-28,-2.298,-3.667273675338204,6.813871477154781,-0.538207051253265
1958-03-31,3.4132,2.043926324661796,6.428865772356382,0.31792953796772655
1958-04-30,5.1912,3.8219263246617965,5.980538477156899,0.6390605694219545
1958-05-31,3.7436,2.374326324661796,5.726628860996553,0.41461152491181585
1958-06-30,3.0725,1.7032263246617962,5.386386532626568,0.3162094503142259
1958-07-31,7.6135,6.244226324661796,5.050881526408017,1.2362646583600305
1958-08-31,3.5333,2.164026324661797,5.30024589428676,0.4082879111315276
1958-09-30,8.1884,6.819126324661796,5.0028039025899265,1.3630608869421343
1958-10-31,4.1393,2.7700263246617967,5.369375804300273,0.5158935462187827
1958-11-30,4.5423,3.1730263246617962,5.107007686884239,0.6213083118732575
1958-12-31,3.9504,2.5811263246617964,4.919051567472701,0.5247203224559651
1959-01-31,4.0763,2.707026324661796,4.705731184683971,0.5752615732646436
1959-02-28,2.2696,0.9003263246617965,4.53507443543164,0.19852514825946957
1959-03-31,-0.0856,-1.4548736753382034,4.277349876341221,-0.340134362958094
1959-04-30,3.8914,2.522126324661796,4.07886663829916,0.6183399822342546
1959-05-31,3.5978,2.2285263246617966,3.9902594055367433,0.558491591190681
1959-06-30,2.1452,0.7759263246617965,3.889436109825358,0.19949584020719055
1959-07-31,3.2171,1.8478263246617963,3.7175995716109127,0.49704824015274324
1959-08-31,-0.3828,-1.7520736753382036,3.629973339784635,-0.4826684692516649
1959-09-30,-5.3288,-6.698073675338204,3.5494675984580057,-1.8870643243082559
1959-10-31,0.1291,-1.2401736753382036,4.292887897955766,-0.28889030061296567
1959-11-30,-0.1723,-1.5415736753382037,4.081506175195435,-0.37769725419180294
1959-12-31,4.1683,2.7990263246617966,3.9164908862750254,0.714677093842021
1960-01-31,-5.5995,-6.968773675338204,3.8837743394870388,-1.794330222661347
1960-02-29,-1.1001,-2.4693736753382036,4.584425876383959,-0.5386440400441075
1960-03-31,-5.1081,-6.477373675338204,4.411428128599742,-1.468316718874943
1960-04-30,-3.0157,-4.384973675338204,4.857626150207345,-0.9026988779593574
1960-05-31,-0.2741,-1.6433736753382036,4.852641372732487,-0.3386554968954633
1960-06-30,2.8026,1.4333263246617964,4.584359721983658,0.3126557276446872
1960-07-31,-1.2866,-2.6558736753382037,4.341714249880491,-0.6117108410373411
1960-08-31,2.3995,1.0302263246617966,4.223133633261359,0.2439483128233841
1960-09-30,-5.1613,-6.5305736753382035,4.012667688281423,-1.6274892870919915
1960-10-31,1.0631,-0.3061736753382036,4.57782418003542,-0.06688192103870504
1960-11-30,3.9295,2.5602263246617962,4.3018486228604464,0.5951456104374528
1960-12-31,3.685,2.3157263246617967,4.180682720844611,0.5539110425949658
1961-01-31,10.1146,8.745326324661796,4.056925425275122,2.155653705187033
1961-02-28,3.1543,1.7850263246617966,5.133223745445994,0.34773982455867153
1961-03-31,2.0958,0.7265263246617966,4.835148423045499,0.150259363538665
1961-04-30,2.619,1.2497263246617967,4.533238293900309,0.27568070408814904
1961-05-31,2.6933,1.3240263246617963,4.2889858642985175,0.30870382103214195
1961-06-30,-2.8933,-4.262573675338204,4.082126600389076,-1.0442041839005995
1961-07-31,1.1441,-0.22517367533820365,4.2100534353593915,-0.053484754717604124
1961-08-31,2.3023,0.9330263246617962,3.982333458703072,0.23429136066512501
1961-09-30,-3.7817,-5.150973675338204,3.802428790085456,-1.354653554267466
1961-10-31,3.1155,1.7462263246617964,4.145353322688755,0.42124909235219565
1961-11-30,4.2138,2.8445263246617962,3.983653409552284,0.7140496504643178
1961-12-31,1.7513,0.38202632466179653,3.944098262807856,0.09686024515774283
1962-01-31,0.4148,-0.9544736753382035,3.7552093819633554,-0.25417322398123404
1962-02-28,2.3992,1.0299263246617965,3.6095450193911,0.28533411250693763
1962-03-31,-2.1644,-3.5336736753382034,3.4892616814498494,-1.0127281923635776
1962-04-30,-6.0474,-7.416673675338203,3.63322775319924,-2.0413456516199537
1962-05-31,-6.2506,-7.619873675338204,4.522155599195509,-1.6850091749814577
1962-06-30,-6.6289,-7.998173675338204,5.180096524822874,-1.5440202005910864
1962-07-31,3.4694,2.1001263246617965,5.73930027064264,0.36592027348773676
1962-08-31,2.4923,1.1230263246617966,5.380227695683819,0.20873211844969355
1962-09-30,-4.3562,-5.725473675338204,5.020951945896654,-1.1403163657077653
1962-10-31,0.3097,-1.0595736753382035,5.1874848847298685,-0.2042557614880413
1962-11-30,13.8959,12.526626324661796,4.850257668779502,2.5826723403364964
1962-12-31,0.8024,-0.5668736753382035,6.652243487061779,-0.0852154128814947
1963-01-31,7.2259,5.8566263246617964,6.129648003195469,0.9554588324824944
1963-02-28,-0.9742,-2.3434736753382035,6.102387449115886,-0.38402571040908356
1963-03-31,5.0761,3.7068263246617965,5.7116186403671545,0.648997518577941
1963-04-30,5.7867,4.417426324661796,5.485872768924617,0.8052367436745592
1963-05-31,3.6866,2.3173263246617966,5.375889527131911,0.4310591415553348
1963-06-30,-0.3017,-1.6709736753382036,5.0785256781805455,-0.3290273164350434
1963-07-31,-1.6215,-2.9907736753382035,4.781514924538317,-0.6254866339514731
1963-08-31,7.4788,6.109526324661796,4.625806921670375,1.3207482344411492
1963-09-30,-1.8902,-3.259473675338204,4.947844278781451,-0.6587664226451652
1963-10-31,2.044,0.6747263246617965,4.7930625075046756,0.1407714428103853
1963-11-30,0.687,-0.6822736753382035,4.495358949238214,-0.1517729024628438
1963-12-31,1.9346,0.5653263246617966,4.236823620555142,0.1334316401369862
1964-01-31,2.6018,1.2325263246617963,4.010519565096403,0.30732335415802153
1964-02-29,4.4486,3.079326324661796,3.8393129310681613,0.8020514034538664
1964-03-31,2.9608,1.5915263246617963,3.8526795220012318,0.4130959545358436
1964-04-30,-0.9934,-2.3626736753382036,3.725482868428824,-0.6341926023497276
1964-05-31,4.0629,2.693626324661796,3.681240409904141,0.7317170368484404
1964-06-30,2.3183,0.9490263246617963,3.6791508486005116,0.2579471089158495
1964-07-31,2.3638,0.9945263246617964,3.544755373066343,0.28056275257197644
1964-08-31,-1.4187,-2.7879736753382036,3.4329940191500348,-0.8121114280381037
1964-09-30,5.5555,4.186226324661797,3.4887355554414032,1.1999265229869638
1964-10-31,1.4164,0.04712632466179656,3.7359059588851498,0.012614430122288132
1964-11-30,-3.6933,-5.062573675338204,3.5740220965497516,-1.4164919909771831
1964-12-31,-1.9547,-3.3239736753382036,3.9587024019858554,-0.8396624292017393
1965-01-31,4.5749,3.2056263246617966,3.979947234263884,0.8054444282738581
1965-02-28,0.1871,-1.1821736753382035,3.982617304695808,-0.2968333597969182
1965-03-31,0.3563,-1.0129736753382035,3.813106339083127,-0.265655763374744
1965-04-30,2.913,1.5437263246617963,3.6611691128869954,0.4216484617517433
1965-05-31,-2.2809,-3.6501736753382037,3.561039085699808,-1.0250305002257167
1965-06-30,-4.8961,-6.265373675338203,3.706748364229156,-1.690261398858439
1965-07-31,4.1335,2.764226324661796,4.302956116804313,0.6424017000467833
1965-08-31,2.5164,1.1471263246617964,4.201152813784487,0.27305036867450694
1965-09-30,3.5956,2.2263263246617964,3.998574854910959,0.5567799542198073
1965-10-31,5.4895,4.120226324661796,3.8962171715383858,1.0574940110525108
1965-11-30,-0.3072,-1.6764736753382035,4.041388356278581,-0.4148261754487622
1965-12-31,4.0745,2.705226324661796,3.8907749834102447,0.6952924124876219
1966-01-31,4.156,2.786726324661796,3.852508452345387,0.7233537211229871
1966-02-28,-0.5483,-1.9175736753382036,3.829782843826264,-0.5007003669749567
1966-03-31,-4.0116,-5.380873675338203,3.7293486945494827,-1.442845417807795
1966-04-30,1.5436,0.17432632466179654,4.135139867384767,0.042157298242017555
1966-05-31,-7.056,-8.425273675338204,3.9172903820489435,-2.1507911984128567
1966-06-30,-0.1592,-1.5284736753382036,4.961007903527366,-0.30809740783751444
1966-07-31,-1.1729,-2.5421736753382036,4.672283919289433,-0.5440965744489304
1966-08-31,-7.4174,-8.786673675338204,4.492231989904525,-1.9559705943692702
1966-09-30,-0.5136,-1.8828736753382036,5.431363387492692,-0.34666685710517414
1966-10-31,5.1994,3.830126324661796,5.099613073487916,0.751062143238674
1966-11-30,-0.5803,-1.9495736753382036,4.982903701611605,-0.3912525290640594
1966-12-31,-0.1647,-1.5339736753382036,4.714761234529146,-0.32535553743505713
1967-01-31,12.6311,11.261826324661797,4.4593955550733835,2.52541542583039
1967-02-28,-0.9038,-2.2730736753382037,6.061555645376367,-0.37499840112365523
1967-03-31,5.4593,4.090026324661796,5.671666615017641,0.7211330641036056
1967-04-30,3.1409,1.7716263246617963,5.493066952463678,0.3225204316629
1967-05-31,-2.3006,-3.669873675338204,5.147373823215472,-0.7129603952187215
1967-06-30,4.6287,3.2594263246617965,5.0047902410456855,0.6512613251860845
1967-07-31,7.0885,5.719226324661796,4.841119462761151,1.1813850843085398
1967-08-31,1.2894,-0.07987367533820344,5.044826948769233,-0.015832787952754238
1967-09-30,1.0663,-0.3029736753382035,4.707875968584958,-0.06435464259464509
1967-10-31,-5.5294,-6.898673675338204,4.414998969183272,-1.5625538586738072
1967-11-30,-0.152,-1.5212736753382035,4.946924113772966,-0.307519104872208
1967-12-31,4.0436,2.674326324661796,4.659712742138845,0.573925147891039
1968-01-31,-1.4219,-2.7911736753382037,4.493134571620794,-0.6212085640540592
1968-02-29,-3.2694,-4.638673675338204,4.363362570109017,-1.0630960872046689
1968-03-31,0.4387,-0.9305736753382036,4.491086165945068,-0.20720459170757888
1968-04-30,12.0013,10.632026324661798,4.240246835450174,2.50740740745887
1968-05-31,5.0147,3.6454263246617966,5.753746201153323,0.6335744047818933
1968-06-30,-0.4214,-1.7906736753382035,5.515554096422646,-0.32465889084464306
1968-07-31,0.3067,-1.0625736753382036,5.167972090801218,-0.2056074716869199
1968-08-31,2.2902,0.9209263246617965,4.8333090554854925,0.19053743803463277
1968-09-30,4.9121,3.542826324661796,4.536960930913808,0.7808809418044119
1968-10-31,3.2117,1.8424263246617965,4.4810922292301525,0.411155635816566
1968-11-30,5.4801,4.110826324661796,4.2764156193778655,0.9612784842601059
1968-12-31,-3.4582,-4.8274736753382035,4.342776155211455,-1.1116100629651606
1969-01-31,0.4066,-0.9626736753382035,4.504767434102609,-0.21370108211368227
1969-02-28,-5.0061,-6.375373675338204,4.253164421556927,-1.4989718344828094
1969-03-31,2.7974,1.4281263246617966,4.7200127296024,0.3025683205693595
1969-04-30,2.8665,1.4972263246617963,4.458633074350652,0.3358038887018865
1969-05-31,0.8987,-0.4705736753382035,4.236726837670263,-0.11107010042615058
1969-06-30,-6.839,-8.208273675338203,4.0085902819818875,-2.0476709012226486
1969-07-31,-6.0549,-7.424173675338204,4.965733147746838,-1.4950810795595941
1969-08-31,2.6247,1.2554263246617963,5.4614846963222465,0.2298690547475484
1969-09-30,-4.7593,-6.128573675338203,5.096781279245414,-1.202439998807551
1969-10-31,3.7293,2.3600263246617965,5.315765100463394,0.44396738382139284
1969-11-30,-3.5404,-4.909673675338204,5.029548532252102,-0.9761658812624636
1969-12-31,-4.3404,-5.709673675338204,5.066781056787381,-1.12688383637371
1970-01-31,-5.6376,-7.006873675338204,5.22115467416293,-1.3420161080482766
1970-02-28,8.1031,6.733826324661796,5.571846351807287,1.208544869956367
1970-03-31,1.0941,-0.27517367533820347,5.794135846144802,-0.04749175418820972
1970-04-30,-7.5245,-8.893773675338203,5.367483589450023,-1.6569726813546717
1970-05-31,-4.2038,-5.573073675338204,6.069234338290136,-0.9182498754708301
1970-06-30,-6.9444,-8.313673675338203,6.012347191655366,-1.3827667315814502
1970-07-31,7.8919,6.522626324661796,6.428511346098471,1.0146402446066218
1970-08-31,6.0043,4.635026324661796,6.445824603621102,0.7190742239647592
1970-09-30,3.8323,2.4630263246617963,6.209254870894839,0.39667019245850993
1970-10-31,-2.8877,-4.2569736753382035,5.812413949228403,-0.7323934104698988
1970-11-30,6.2494,4.880126324661796,5.630670827093563,0.8667042479520717
1970-12-31,5.9481,4.578826324661796,5.555534638875115,0.82419184152345
1971-01-31,5.4949,4.125626324661797,5.454130273584906,0.756422402420926
1971-02-28,2.0495,0.6802263246617966,5.314185699109928,0.12800198622636155
1971-03-31,2.0599,0.6906263246617963,4.951013218725495,0.13949191693727278
1971-04-30,5.212,3.842726324661796,4.633458002769715,0.8293430786174714
1971-05-31,-4.6635,-6.032773675338204,4.597515762815472,-1.3121811836146473
1971-06-30,-0.0652,-1.4344736753382035,4.911969747235384,-0.2920363416622368
1971-07-31,-4.8762,-6.245473675338204,4.6252235655183505,-1.3503074147375342
1971-08-31,8.5525,7.1832263246617964,4.972930022180995,1.4444655952571448
1971-09-30,-2.5415,-3.910773675338204,5.418072824702736,-0.721801607669009
1971-10-31,-4.2468,-5.616073675338204,5.259270296686152,-1.0678427535616248
1971-11-30,-1.375,-2.7442736753382038,5.359522597606642,-0.5120369632481243
1971-12-31,9.4303,8.061026324661798,5.0964445228160535,1.5816960801935027
1972-01-31,5.1808,3.811526324661796,5.691173059545285,0.6697259571590554
1972-02-29,0.9779,-0.39137367533820355,5.479327710973141,-0.07142731663127605
1972-03-31,0.9447,-0.42457367533820356,5.091375045040098,-0.0833907680306941
1972-04-30,1.095,-0.27427367533820357,4.751398432481558,-0.05772483180177253
1972-05-31,-1.5793,-2.9485736753382037,4.452646713030403,-0.6622069670853022
1972-06-30,-6.3415,-7.710773675338204,4.345026821628705,-1.7746205010646792
1972-07-31,-1.1403,-2.5095736753382036,5.075466266420418,-0.49445184808767034
1972-08-31,7.2848,5.915526324661796,4.833855783724747,1.2237697170401645
1972-09-30,0.223,-1.1462736753382035,5.073190768936209,-0.2259472839769761
1972-10-31,1.6365,0.2672263246617965,4.753496857514206,0.05621678790833153
1972-11-30,9.6824,8.313126324661797,4.454411555434618,1.8662681301909212
1972-12-31,-0.5879,-1.9571736753382036,5.2917104887519475,-0.36985652928261464
1973-01-31,-1.4835,-2.8527736753382036,4.9825331471909875,-0.5725548814354637
1973-02-28,-4.9468,-6.316073675338203,4.783306904740593,-1.32044081659877
1973-03-31,1.2586,-0.1106736753382036,5.106749592862664,-0.021672038803877174
1973-04-30,-1.4048,-2.7740736753382036,4.762199880501206,-0.5825193702382441
1973-05-31,-3.3559,-4.725173675338204,4.589020598691503,-1.0296693104157177
1973-06-30,-0.8851,-2.2543736753382033,4.684276639737411,-0.4812639920140536
1973-07-31,5.0494,3.6801263246617966,4.4792475700069,0.8215947583035977
1973-08-31,-0.9652,-2.3344736753382036,4.450237044629854,-0.5245728827310978
1973-09-30,9.1182,7.748926324661796,4.2863160922351184,1.8078289509957919
1973-10-31,-0.1381,-1.5073736753382034,5.043341343679002,-0.29888392885154363
1973-11-30,-10.8406,-12.209873675338203,4.742733556130308,-2.574438038914521
1973-12-31,5.9099,4.540626324661797,6.498316223041798,0.6987388992492541
1974-01-31,4.4963,3.127026324661796,6.243343488920953,0.5008576462613056
1974-02-28,2.1275,0.7582263246617964,5.889879251274278,0.12873376385394553
1974-03-31,-2.8484,-4.217673675338204,5.458854138833799,-0.7726298538248257
1974-04-30,-4.2846,-5.653873675338204,5.329023680240561,-1.0609586323104834
1974-05-31,-6.2025,-7.5717736753382034,5.421450099189994,-1.3966325497433767
1974-06-30,-2.5072,-3.876473675338204,5.833427296334808,-0.6645276401702693
1974-07-31,-2.7952,-4.164473675338203,5.606934044651942,-0.74273634078332
1974-08-31,-7.1624,-8.531673675338203,5.447015442030777,-1.5663024579488602
1974-09-30,-7.179,-8.548273675338203,6.048703565759497,-1.413240636180003
1974-10-31,7.8664,6.497126324661796,6.502347083032788,0.9991970963247079
1974-11-30,-3.9329,-5.302173675338204,6.502200708957847,-0.8154429419617254
1974-12-31,-2.6159,-3.9851736753382037,6.336474996116266,-0.6289259687414193
1975-01-31,21.2859,19.9166263246618,6.047163369193808,3.293548579508119
1975-02-28,2.1208,0.7515263246617965,9.542655042717096,0.07875442644606098
1975-03-31,7.1621,5.792826324661796,8.709320920666489,0.6651295063563342
1975-04-30,6.843,5.473726324661796,8.270487487992717,0.6618384143145948
1975-05-31,0.9294,-0.43987367533820354,7.859467612077319,-0.05596736280995265
1975-06-30,7.6289,6.259626324661796,7.201802725812529,0.8691749223046881
1975-07-31,-4.5165,-5.8857736753382035,7.046481848629635,-0.8352783419832182
1975-08-31,-2.0231,-3.392373675338203,6.867326842080077,-0.4939875082908783
1975-09-30,-3.8006,-5.169873675338204,6.452531022988572,-0.8012163997227418
1975-10-31,6.4873,5.1180263246617965,6.2782403653058285,0.8152007611789621
1975-11-30,4.5206,3.151326324661796,6.125610066882029,0.5144510163484565
1975-12-31,0.9619,-0.40737367533820357,5.789987795884823,-0.07035829602745285
1976-01-31,18.2325,16.8632263246618,5.365093600600137,3.1431373951752652
1976-02-29,4.6947,3.3254263246617963,8.232139708313348,0.40395649764101615
1976-03-31,2.2458,0.8765263246617965,7.64223193872075,0.11469506967208327
1976-04-30,-1.6198,-2.9890736753382035,7.014372929370367,-0.42613555130814984
1976-05-31,-0.5373,-1.9065736753382034,6.550933916335658,-0.2910384534003463
1976-06-30,5.8885,4.519226324661796,6.081074252913244,0.7431624967408977
1976-07-31,0.3888,-0.9804736753382035,5.887447396671176,-0.16653629481132579
1976-08-31,-0.9193,-2.2885736753382036,5.462047209334608,-0.418995586751254
1976-09-30,2.8948,1.5255263246617965,5.151148398411026,0.2961526647402306
1976-10-31,-3.353,-4.7222736753382035,4.837325752347985,-0.9762157681950743
1976-11-30,2.0544,0.6851263246617962,4.883703348430706,0.1402882762897443
1976-12-31,8.581,7.211726324661796,4.574600532896314,1.5764712728033194
1977-01-31,-0.0258,-1.3950736753382036,5.129360038630284,-0.27197811517062787
1977-02-28,-1.9186,-3.2878736753382034,4.812407604251304,-0.6832076469236894
1977-03-31,0.4937,-0.8755736753382035,4.682042202396238,-0.18700678838180715
1977-04-30,4.3212,2.9519263246617964,4.404065841367151,0.6702729775142127
1977-05-31,-1.6583,-3.0275736753382034,4.304732264414192,-0.7033128866959185
1977-06-30,4.991,3.621726324661796,4.229914374711045,0.8562174086347089
1977-07-31,-3.1508,-4.520073675338203,4.238660027288799,-1.066392125397565
1977-08-31,-2.9527,-4.321973675338204,4.373749356828415,-0.9881621745403912
1977-09-30,-0.694,-2.0632736753382037,4.451524048890595,-0.4634982654653772
1977-10-31,-3.188,-4.5572736753382035,4.266382251368324,-1.0681822225086803
1977-11-30,4.8136,3.4443263246617963,4.401503248344841,0.7825340867252603
1977-12-31,1.1832,-0.18607367533820351,4.357432065190003,-0.04270259927278749
1978-01-31,-3.2635,-4.632773675338203,4.109517252532166,-1.1273279537842607
1978-02-28,-1.827,-3.1962736753382037,4.290039102187186,-0.7450453478870742
1978-03-31,3.9171,2.5478263246617967,4.2364291520373145,0.6014089303102207
1978-04-30,6.7541,5.3848263246617964,4.124586530445989,1.3055433035319393
1978-05-31,2.0693,0.7000263246617966,4.431913681817182,0.15795125422541406
1978-06-30,-1.5831,-2.9523736753382037,4.182300850534529,-0.7059209226808417
1978-07-31,5.925,4.555726324661796,4.12012776465354,1.1057245272210352
1978-08-31,2.0417,0.6724263246617965,4.285909500946764,0.1568923292741614
1978-09-30,-0.067,-1.4362736753382035,4.055371628656153,-0.35416573543819657
1978-10-31,-11.5892,-12.958473675338203,3.8881720558391466,-3.3327932738669666
1978-11-30,2.9892,1.6199263246617963,6.248476215971753,0.2592514188533033
1978-12-31,-0.3802,-1.7494736753382036,5.802090667567374,-0.3015247047271153
1979-01-31,6.7103,5.341026324661796,5.41621231742714,0.9861183446366335
1979-02-28,-2.8648,-4.234073675338204,5.444155709078661,-0.7777282468753552
1979-03-31,7.4986,6.129326324661796,5.318690369222584,1.152412699210708
1979-04-30,0.6546,-0.7146736753382036,5.490631650728207,-0.1301623785386183
1979-05-31,-1.3321,-2.7013736753382034,5.106596799362047,-0.5289968606246098
1979-06-30,5.6328,4.263526324661796,4.876047256589373,0.8743816661949224
1979-07-31,3.0159,1.6466263246617963,4.851415520467258,0.3394115217950252
1979-08-31,5.3518,3.982526324661796,4.583475658439531,0.8688878531139987
1979-09-30,-0.6965,-2.0657736753382037,4.574466564214208,-0.4515878838198608
1979-10-31,-8.2764,-9.645673675338204,4.371517324179037,-2.2064818597395455
1979-11-30,4.0779,2.708626324661796,5.5689438776560465,0.4863806107886024
1979-12-31,1.8855,0.5162263246617964,5.2739197253105115,0.09788285593053896
1980-01-31,7.8429,6.473626324661796,4.912700867760112,1.3177326482760938
1980-02-29,0.4578,-0.9114736753382036,5.235240465773652,-0.17410349749875492
1980-03-31,-13.0499,-14.419173675338202,4.8874972341722955,-2.9502162322512513
1980-04-30,6.1482,4.778926324661796,7.2276244750057,0.6612029085335162
1980-05-31,6.5103,5.141026324661796,6.891487843907314,0.7459965744852788
1980-06-30,2.4282,1.0589263246617964,6.645065323368178,0.15935529195446033
1980-07-31,2.8073,1.4380263246617966,6.133126101065939,0.2344687360026508
1980-08-31,1.7608,0.3915263246617964,5.693289477013913,0.0687697905125929
1980-09-30,-0.9535,-2.322773675338204,5.279690296012328,-0.4399450621360424
1980-10-31,-0.9602,-2.3294736753382037,4.9957759868692495,-0.4662886569495757
1980-11-30,4.7166,3.347326324661796,4.7517414686882296,0.7044420128323736
1980-12-31,-0.6137,-1.9829736753382035,4.6375612116641705,-0.42758975781294783
1981-01-31,1.6401,0.27082632466179635,4.419781382021334,0.061275954906606075
1981-02-28,1.4078,0.038526324661796396,4.164260884879093,0.009251659712697128
1981-03-31,5.4109,4.041626324661796,3.941859924743214,1.0253094736554043
1981-04-30,0.9564,-0.4128736753382035,4.065508481346285,-0.10155523650549149
1981-05-31,3.1181,1.7488263246617965,3.860022020760764,0.45306123002819654
1981-06-30,0.0585,-1.3107736753382035,3.7422883300499894,-0.3502599371654226
1981-07-31,-1.0799,-2.4491736753382036,3.6154359153998943,-0.6774214044027127
1981-08-31,-2.5392,-3.908473675338204,3.5992079704394104,-1.085926044685058
1981-09-30,-1.3493,-2.7185736753382033,3.7759336899111293,-0.7199738921798141
1981-10-31,4.4288,3.059526324661796,3.759444122638516,0.8138241252843806
1981-11-30,4.1709,2.801626324661796,3.7853638792470727,0.7401207424262348
1981-12-31,-2.4386,-3.807873675338204,3.7763486476196513,-1.008348018326757
1982-01-31,0.4121,-0.9571736753382035,3.899745882988973,-0.2454451402881089
1982-02-28,-1.8808,-3.2500736753382036,3.7327632944343483,-0.8706883932833759
1982-03-31,1.8932,0.5239263246617964,3.7877384820097966,0.13832167324915157
1982-04-30,2.1475,0.7782263246617964,3.6239882653006026,0.2147430586664011
1982-05-31,-2.048,-3.417273675338204,3.491657727667329,-0.9786966369184132
1982-06-30,-1.7456,-3.1148736753382034,3.618287285544555,-0.8608696406674111
1982-07-31,-1.8855,-3.2547736753382033,3.678272705435871,-0.8848647003600884
1982-08-31,13.5659,12.196626324661796,3.744549212420252,3.257168121654523
1982-09-30,0.0407,-1.3285736753382036,5.937842261337835,-0.22374687923064956
1982-10-31,9.6883,8.319026324661797,5.517430012461469,1.5077719709851767
1982-11-30,4.0189,2.6496263246617966,6.056173506773756,0.4375083246373675
1982-12-31,1.6104,0.2411263246617965,5.691576250932936,0.04236547382146944
1983-01-31,5.9211,4.551826324661796,5.276821601947371,0.862607582371551
1983-02-28,2.2468,0.8775263246617964,5.219558312056129,0.16812271694232964
1983-03-31,2.9831,1.6138263246617963,4.87283526529245,0.3311883609438909
1983-04-30,7.1683,5.799026324661797,4.600249252679398,1.2605895911583866
1983-05-31,-0.1249,-1.4941736753382036,4.871441489858535,-0.30672105545120565
1983-06-30,0.757,-0.6122736753382035,4.592942401904434,-0.1333075013273252
1983-07-31,-1.1216,-2.4908736753382037,4.319903566234747,-0.5766039998687432
1983-08-31,5.3283,3.959026324661796,4.189565571797423,0.9449729946494858
1983-09-30,0.8175,-0.5517736753382035,4.2513851902043225,-0.12978679904365126
1983-10-31,-0.3827,-1.7519736753382036,4.022805590373735,-0.435510400883041
1983-11-30,1.8951,0.5258263246617965,3.880042987432216,0.13552074715795467
1983-12-31,-0.7377,-2.1069736753382036,3.702948743127918,-0.5689988767056013
1984-01-31,3.4356,2.066326324661796,3.6390152392266772,0.5678256860229332
1984-02-29,-1.3463,-2.7155736753382036,3.5823681650696955,-0.7580386912257444
1984-03-31,0.4527,-0.9165736753382036,3.6010164998572622,-0.2545319287969202
1984-04-30,1.7373,0.3680263246617965,3.4772740526933834,0.10583759550868166
1984-05-31,-5.9632,-7.332473675338203,3.3570211471578038,-2.184220281586902
1984-06-30,2.5578,1.1885263246617963,4.322641296866483,0.27495372459504525
1984-07-31,-2.442,-3.811273675338204,4.104778243654422,-0.9284968514998474
1984-08-31,11.5974,10.228126324661797,4.162523621350346,2.4571935813648875
1984-09-30,3.1884,1.8191263246617966,5.59477649187086,0.3251472739447169
1984-10-31,-0.5058,-1.8750736753382036,5.238561104436713,-0.357936776522496
1984-11-30,0.9202,-0.4490736753382035,4.931626983353241,-0.09105994367661148
1984-12-31,2.2251,0.8558263246617963,4.612038155576002,0.1855635829090211
1985-01-31,5.6682,4.298926324661796,4.3427055104047945,0.9899189144559521
1985-02-28,2.2314,0.8621263246617963,4.423238121282097,0.1949084134796489
1985-03-31,2.1611,0.7918263246617963,4.1793614131258865,0.18946107943068805
1985-04-30,1.8943,0.5250263246617966,3.9668018299270713,0.13235506767713906
1985-05-31,5.1517,3.782426324661796,3.777286308522261,1.0013607695365687
1985-06-30,1.4132,0.04392632466179647,3.896752240450613,0.011272547483469699
1985-07-31,-1.4571,-2.8263736753382034,3.7116828056201427,-0.7614803913358584
1985-08-31,0.8387,-0.5305736753382035,3.718940320249554,-0.14266797249991905
1985-09-30,-4.3901,-5.759373675338204,3.56544806143886,-1.6153295675870736
1985-10-31,5.5214,4.152126324661796,4.093704334615168,1.0142711796630324
1985-11-30,4.6998,3.330526324661796,4.202587069056912,0.7924943064675608
1985-12-31,4.467,3.097726324661796,4.180034927289475,0.7410766604934813
1986-01-31,1.5374,0.16812632466179656,4.134317437528381,0.04066604154186756
1986-02-28,6.8839,5.514626324661796,3.9165402358132066,1.408035151595161
1986-03-31,4.4435,3.0742263246617965,4.299818642010499,0.7149665091977826
1986-04-30,-3.2271,-4.596373675338204,4.2309053244359145,-1.0863806497374213
1986-05-31,5.0558,3.686526324661796,4.379602169598326,0.841749131976502
1986-06-30,2.518,1.1487263246617962,4.369271269410052,0.26291027812903445
1986-07-31,-2.6171,-3.9863736753382035,4.143223850454588,-0.9621429638422323
1986-08-31,9.441,8.071726324661798,4.218004060731624,1.9136364518486821
1986-09-30,-7.149,-8.518273675338204,5.072549717855752,-1.6792883557855032
1986-10-31,5.4521,4.082826324661796,5.773567736145746,0.7071582964379255
1986-11-30,1.5277,0.1584263246617965,5.578328197743174,0.028400323366755492
1986-12-31,-2.8981,-4.267373675338203,5.176596432292086,-0.8243589646505826
1987-01-31,11.0394,9.670126324661798,5.099955691576866,1.8961196742616937
1987-02-28,0.0175,-1.3517736753382035,6.059789513137222,-0.223072711091309
1987-03-31,2.5799,1.2106263246617963,5.6255420222011345,0.2152017209868976
1987-04-30,-1.5034,-2.872673675338204,5.238944471766182,-0.5483306209523066
1987-05-31,0.7104,-0.6588736753382035,5.003842771697011,-0.131673536799549
1987-06-30,4.6296,3.260326324661796,4.678902888092715,0.6968142751923667
1987-07-31,3.7347,2.3654263246617964,4.567175137039806,0.5179189003456821
1987-08-31,2.7125,1.3432263246617964,4.388158527028195,0.3061025066410883
1987-09-30,-2.5508,-3.9200736753382035,4.168275908543148,-0.9404544615925644
1987-10-31,-19.3215,-20.690773675338203,4.228785259625696,-4.892840947229752
1987-11-30,-5.7362,-7.105473675338204,8.974232466841075,-0.7917639421078343
1987-12-31,4.9422,3.572926324661796,8.64761703166758,0.4131688893689137
1988-01-31,7.9162,6.546926324661796,8.02438820602629,0.815878563769519
1988-02-29,3.5654,2.1961263246617966,7.774337916765128,0.28248403248923815
1988-03-31,-1.0815,-2.4507736753382035,7.174729103344707,-0.3415841406744827
1988-04-30,1.4505,0.08122632466179636,6.65823256725984,0.012199382319747449
1988-05-31,2.0652,0.6959263246617964,6.131088835957258,0.11350778683557276
1988-06-30,3.9352,2.5659263246617963,5.670479093535933,0.4525060902855326
1988-07-31,0.2334,-1.1358736753382035,5.350987737875405,-0.2122736457230603
1988-08-31,-1.425,-2.7942736753382036,4.995796336365777,-0.5593249778814873
1988-09-30,3.6354,2.266126324661797,4.789397978082787,0.47315473364962146
1988-10-31,2.9773,1.6080263246617965,4.570042995731008,0.35186240614451425
1988-11-30,-0.3778,-1.7470736753382035,4.3386090605674354,-0.40268059439070736
1988-12-31,0.6027,-0.7665736753382035,4.148427119145491,-0.18478658376336748
1989-01-31,7.0681,5.6988263246617965,3.9394308725555556,1.446611581475702
1989-02-28,-1.3233,-2.6925736753382035,4.352795196448345,-0.618584967548026
1989-03-31,2.5975,1.2282263246617966,4.235937664521063,0.2899538241436011
1989-04-30,4.0752,2.705926324661796,4.032049240243766,0.6711044839566997
1989-05-31,3.9375,2.5682263246617962,3.969488119040762,0.6469918154793257
1989-06-30,0.4692,-0.9000736753382035,3.9036330521682703,-0.23057333087141943
1989-07-31,6.1958,4.826526324661796,3.733940527090562,1.2926093197372277
1989-08-31,2.4621,1.0928263246617964,4.034119140916854,0.27089589734164976
1989-09-30,0.1506,-1.2186736753382035,3.8531081539293313,-0.31628327746144935
1989-10-31,-2.2326,-3.6018736753382035,3.704580942813389,-0.9722756044312029
1989-11-30,0.8918,-0.4774736753382035,3.8130321133402543,-0.12522151955335403
1989-12-31,2.4929,1.1236263246617966,3.644632008154932,0.30829623461234545
1990-01-31,-7.2912,-8.660473675338203,3.523254229938535,-2.458089343013232
1990-02-28,2.6283,1.2590263246617963,4.7772698344455335,0.2635451561860381
1990-03-31,0.3918,-0.9774736753382036,4.500572590376539,-0.2171887367017057
1990-04-30,-4.4872,-5.856473675338203,4.250044133986234,-1.3779794963788423
1990-05-31,7.3724,6.003126324661796,4.615163555861254,1.3007396708699155
1990-06-30,-1.5591,-2.9283736753382037,4.920006762588192,-0.5951970833872837
1990-07-31,-1.701,-3.0702736753382034,4.737095963814036,-0.6481341519765618
1990-08-31,-9.9685,-11.337773675338203,4.596229319701466,-2.466755439451096
1990-09-30,-6.3515,-7.7207736753382035,6.165518256629751,-1.2522505576941718
1990-10-31,0.759,-0.6102736753382035,6.435534100996924,-0.09482875325665145
1990-11-30,5.1118,3.742526324661796,5.938275941783283,0.6302378605090392
1990-12-31,1.9113,0.5420263246617965,5.682620648788055,0.09538316177719791
1991-01-31,4.5318,3.162526324661796,5.272301276041784,0.5998379377583832
1991-02-28,7.1131,5.743826324661796,5.058525729724525,1.1354743716949705
1991-03-31,2.6134,1.2441263246617964,5.22026361168824,0.23832634081470158
1991-04-30,0.3425,-1.0267736753382035,4.885470992761051,-0.21016882033679146
1991-05-31,5.2904,3.9211263246617962,4.585768494917501,0.8550641684174984
1991-06-30,-3.7629,-5.132173675338204,4.568341280975301,-1.1234216884607469
1991-07-31,4.1239,2.754626324661796,4.732094216471093,0.5821156973320004
1991-08-31,1.9185,0.5492263246617965,4.56172955503598,0.12039870361351673
1991-09-30,-2.0059,-3.3751736753382033,4.291512126705626,-0.7864765555093866
1991-10-31,1.8144,0.44512632466179647,4.2585136152192105,0.10452621850755389
1991-11-30,-5.522,-6.891273675338204,4.026970683241506,-1.7112798223281525
1991-12-31,9.0199,7.650626324661796,4.666953574278151,1.6393191410405528
1992-01-31,3.8952,2.5259263246617962,5.290677153389663,0.4774296845997247
1992-02-29,6.9266,5.557326324661796,5.02007917069873,1.1070196575980071
1992-03-31,-1.1703,-2.5395736753382034,5.159142990963112,-0.49224719682834656
1992-04-30,4.2335,2.8642263246617965,4.908020734912669,0.5835807302702362
1992-05-31,-0.0044,-1.3736736753382035,4.720996291848504,-0.2909711405005875
1992-06-30,0.7846,-0.5846736753382036,4.456903546896464,-0.13118382957722685
1992-07-31,2.2081,0.8388263246617964,4.201282024624818,0.1996596086016637
1992-08-31,-4.8352,-6.204473675338204,3.9871244025152963,-1.5561274364612458
1992-09-30,1.1043,-0.2649736753382035,4.4903559230886305,-0.05900950389606197
1992-10-31,1.0024,-0.3668736753382036,4.225439528614791,-0.08682497355688684
1992-11-30,4.6075,3.238226324661796,3.997207302357849,0.8101221877463424
1992-12-31,3.5099,2.1406263246617963,4.000675623925767,0.5350662052829094
1993-01-31,5.4911,4.1218263246617965,3.890732937554316,1.059395849269661
1993-02-28,3.0539,1.6846263246617965,4.037315782192219,0.41726394851062715
1993-03-31,2.789,1.4197263246617966,3.8878506043020793,0.36516997929159273
1993-04-30,-1.0769,-2.4461736753382035,3.7448137089689375,-0.6532163854985754
1993-05-31,0.7107,-0.6585736753382035,3.705409446744292,-0.17773303728063045
1993-06-30,3.476,2.106726324661796,3.557147716770457,0.5922515713163855
1993-07-31,1.205,-0.16427367533820347,3.5181632484911645,-0.04669302239134456
1993-08-31,4.1098,2.740526324661796,3.3892365810573524,0.8085969389032217
1993-09-30,-0.6659,-2.0351736753382035,3.4478734820008716,-0.5902692444959293
1993-10-31,-0.9431,-2.3123736753382036,3.4216088167470127,-0.6758147407208929
1993-11-30,-2.1069,-3.4761736753382033,3.4266209782040224,-1.0144610966457552
1993-12-31,2.2405,0.8712263246617964,3.5757003797141858,0.24365193728324508
1994-01-31,1.6947,0.32542632466179655,3.4540953205115352,0.09421463349008054
1994-02-28,-4.6365,-6.005773675338204,3.336746820636423,-1.799888933195331
1994-03-31,-3.3459,-4.715173675338203,3.9882220819440595,-1.1822746021805763
1994-04-30,1.6277,0.2584263246617964,4.209291204535482,0.061394261433693115
1994-05-31,-0.1127,-1.4819736753382036,3.981979622785688,-0.3721700801425633
1994-06-30,-2.6265,-3.995773675338204,3.8283249481591386,-1.0437394237549202
1994-07-31,3.4911,2.1218263246617965,3.968885529210565,0.534615148017091
1994-08-31,3.7037,2.3344263246617967,3.86247763371419,0.6043857197477136
1994-09-30,-4.4741,-5.843373675338204,3.792200891637059,-1.54089243748257
1994-10-31,0.7307,-0.6385736753382035,4.274156594039427,-0.14940343463988512
1994-11-30,-4.9842,-6.353473675338204,4.044397780339463,-1.5709319459682154
1994-12-31,0.569,-0.8002736753382036,4.563031860890187,-0.1753820047143131
1995-01-31,5.1729,3.8036263246617965,4.298589558322583,0.8848545024024268
1995-02-28,5.318,3.948726324661796,4.318381376271417,0.9143996281475284
1995-03-31,0.4235,-0.9457736753382036,4.354006712882951,-0.21721915874400924
1995-04-30,3.4676,2.0983263246617962,4.122307158547476,0.5090174613289021
1995-05-31,5.6678,4.298526324661796,3.9897310221566107,1.0773975239910456
1995-06-30,1.7373,0.3680263246617965,4.142662600930039,0.08883811213087295
1995-07-31,3.7834,2.4141263246617966,3.9257967946729897,0.6149391960219601
1995-08-31,3.6815,2.312226324661797,3.852369486613133,0.6002088669575214
1995-09-30,5.1053,3.736026324661796,3.7817352562291795,0.9879132386403588
1995-10-31,-2.3607,-3.7299736753382033,3.893526337850015,-0.9579936930381406
1995-11-30,5.404,4.034726324661796,3.9816738648757686,1.0133241600358152
1995-12-31,1.2739,-0.09537367533820351,4.096057569008217,-0.023284261446866444
1996-01-31,3.2988,1.9295263246617964,3.8831860522338215,0.49689257705069967
1996-02-29,1.5995,0.23022632466179638,3.7751144795104814,0.06098525645019639
1996-03-31,0.9613,-0.4079736753382035,3.6085856543184915,-0.1130563922876461
1996-04-30,-1.5429,-2.9121736753382033,3.4690680569659356,-0.8394685914248696
1996-05-31,2.3224,0.9531263246617965,3.532909437193643,0.2697850996766308
1996-06-30,0.7721,-0.5971736753382035,3.421226636238521,-0.17454958084705202
1996-07-31,-3.6327,-5.001973675338204,3.3146736270505914,-1.5090395731627364
1996-08-31,3.1154,1.7461263246617966,3.757625759534408,0.4646887253823148
1996-09-30,3.2363,1.8670263246617964,3.6559589605655556,0.5106803289643542
1996-10-31,4.2265,2.857226324661796,3.5799628183682954,0.798116201096213
1996-11-30,7.7212,6.351926324661796,3.6155611481084393,1.7568300090803184
1996-12-31,-0.7234,-2.0926736753382036,4.258474707193455,-0.4914139026828644
1997-01-31,4.857,3.4877263246617964,4.104475133598796,0.8497374721828963
1997-02-28,3.6903,2.321026324661797,4.119278795027467,0.5634545366202436
1997-03-31,-5.2275,-6.596773675338204,4.005742549174977,-1.6468291694624446
1997-04-30,3.8406,2.4713263246617965,4.5871726873571115,0.5387471745881983
1997-05-31,5.7124,4.343126324661796,4.413925114612432,0.9839601288847754
1997-06-30,3.8515,2.482226324661797,4.48688567004361,0.5532180909431711
1997-07-31,7.7091,6.3398263246617965,4.329828252999673,1.4642212009840372
1997-08-31,-2.18,-3.5492736753382035,4.769480285357486,-0.7441636117533874
1997-09-30,6.1459,4.776626324661796,4.674930786954389,1.0217533782513302
1997-10-31,-3.3511,-4.7203736753382035,4.760922346254036,-0.991483021993052
1997-11-30,3.7218,2.3525263246617962,4.8216933319995965,0.4879045934027048
1997-12-31,4.1912,2.8219263246617965,4.604243098711596,0.6128969005679686
1998-01-31,-0.4277,-1.7969736753382035,4.459906667166805,-0.4029173275233015
1998-02-28,6.8928,5.5235263246617965,4.255353428720098,1.298018229786176
1998-03-31,7.1917,5.822426324661796,4.556893254261277,1.277718392726686
1998-04-30,1.5124,0.14312632466179642,4.842271452275425,0.029557683015589743
1998-05-31,-0.4961,-1.8653736753382035,4.531010905025381,-0.41169039634605653
1998-06-30,2.2694,0.9001263246617965,4.320659601858376,0.2083307660419811
1998-07-31,-4.7664,-6.135673675338204,4.091989379491161,-1.499435386144911
1998-08-31,-12.0675,-13.436773675338204,4.552739147361045,-2.951360321868366
1998-09-30,6.4828,5.113526324661796,6.747601752161027,0.7578287089963642
1998-10-31,4.6138,3.2445263246617966,6.52005041058186,0.4976228894482197
1998-11-30,4.0426,2.6733263246617964,6.139131106144705,0.4354567899659355
1998-12-31,3.7834,2.4141263246617966,5.765379528663117,0.4187280841893833
1999-01-31,-1.4119,-2.7811736753382035,5.422704150947205,-0.5128757899972111
1999-02-28,-1.1024,-2.4716736753382036,5.153741631884687,-0.47958820055058327
1999-03-31,1.1052,-0.2640736753382036,4.89814747203357,-0.05391296951469037
1999-04-30,7.1021,5.732826324661796,4.580626043242362,1.2515377309875
1999-05-31,0.3201,-1.0491736753382035,4.844444019392106,-0.21657256666366778
1999-06-30,0.2746,-1.0946736753382036,4.550840984171629,-0.2405431609554388
1999-07-31,-3.2207,-4.589973675338204,4.297816232884664,-1.0679781141450635
1999-08-31,-2.9652,-4.334473675338203,4.431509173750768,-0.9781032838683181
1999-09-30,-4.0372,-5.406473675338204,4.499765923438391,-1.2015010930184062
1999-10-31,4.3245,2.955226324661796,4.724466581196604,0.6255153410172501
1999-11-30,1.8542,0.4849263246617965,4.574184737121779,0.10601371665782948
1999-12-31,4.2155,2.846226324661796,4.301164182391916,0.6617339408510986
2000-01-31,-5.8755,-7.2447736753382035,4.207904797941771,-1.721705699920271
2000-02-29,-2.3406,-3.709873675338203,4.873527692877621,-0.7612296285419633
2000-03-31,13.1767,11.807426324661797,4.780217773689942,2.4700603369263274
2000-04-30,-2.1524,-3.521673675338204,6.407980190559471,-0.5495762425306019
2000-05-31,3.369,1.9997263246617967,6.065312875230599,0.32969879143881237
2000-06-30,-2.3722,-3.741473675338203,5.6594085399857805,-0.6611068363245611
2000-07-31,4.5417,3.172426324661796,5.445060637243344,0.5826246089828472
2000-08-31,6.9884,5.619126324661797,5.206803866724504,1.0791891664236388
2000-09-30,1.6136,0.24432632466179638,5.317991521627524,0.04594334602982264
2000-10-31,2.649,1.2797263246617965,4.948213658250306,0.25862390208799296
2000-11-30,0.2463,-1.1229736753382036,4.649873552070283,-0.24150628243174854
2000-12-31,8.7828,7.413526324661796,4.384643673315238,1.690793340809018
2001-01-31,-0.6755,-2.0447736753382033,5.036366215748329,-0.4060017853634936
2001-02-28,1.1132,-0.2560736753382036,4.766963078060872,-0.053718409634162814
2001-03-31,-1.2593,-2.6285736753382034,4.466054568614746,-0.5885672991571884
2001-04-30,4.7112,3.341926324661796,4.325255197241828,0.772654137677913
2001-05-31,4.6367,3.2674263246617965,4.282383118145677,0.7629925288134032
2001-06-30,-1.1914,-2.5606736753382036,4.238285600717019,-0.6041767631008627
2001-07-31,-0.2475,-1.6167736753382036,4.127343493013336,-0.39172258816719224
2001-08-31,-7.353,-8.722273675338203,3.9600661359118354,-2.2025575775718282
2001-09-30,-8.1759,-9.545173675338203,5.06506269414905,-1.8845124437184935
2001-10-31,-5.204,-6.5732736753382035,6.005765255582256,-1.0944939396737923
2001-11-30,12.2474,10.878126324661798,6.111804974980915,1.779854947792369
2001-12-31,2.3816,1.0123263246617966,7.052126335004408,0.14354909095104348
2002-01-31,-2.5365,-3.905773675338204,6.4927539054233305,-0.6015588658112779
2002-02-28,-4.9679,-6.337173675338204,6.173468133960227,-1.0265175972120815
2002-03-31,4.8901,3.5208263246617966,6.209927468110965,0.5669673829109663
2002-04-30,-7.2529,-8.622173675338203,5.894528602053988,-1.4627418505245269
2002-05-31,-2.3002,-3.669473675338203,6.400586543936842,-0.5733027200162192
2002-06-30,-11.4799,-12.849173675338204,6.072143149479846,-2.1160854345864513
2002-07-31,-13.5936,-14.962873675338203,7.509327009531265,-1.9925718584829868
2002-08-31,6.3068,4.937526324661796,9.011183319104695,0.5479331792300463
2002-09-30,-9.1802,-10.549473675338202,8.449094383195247,-1.2485922392251276
2002-10-31,7.9162,6.546926324661796,8.744999382080179,0.7486480031179229
2002-11-30,8.2579,6.888626324661796,8.385281125722445,0.8215140579521473
2002-12-31,-6.7658,-8.135073675338203,8.12224769827785,-1.0015791167096608
2003-01-31,-5.5212,-6.890473675338204,8.077583296976053,-0.8530365360537652
2003-02-28,-4.3403,-5.709573675338204,7.863602230839179,-0.726076104529628
2003-03-31,-1.5268,-2.8960736753382035,7.53695449615425,-0.3842498554045845
2003-04-30,11.4514,10.082126324661797,7.003196456216544,1.4396463654410512
2003-05-31,8.3841,7.014826324661796,7.5344285405648765,0.9310362805744887
2003-06-30,0.7884,-0.5808736753382036,7.427595440014108,-0.07820480800676191
2003-07-31,0.9531,-0.4161736753382036,6.81864267906922,-0.061034680203394004
2003-08-31,4.1442,2.774926324661796,6.275472260937789,0.4421860553722085
2003-09-30,-3.4244,-4.793673675338203,5.8911728494051765,-0.813704469021345
2003-10-31,6.9473,5.5780263246617965,5.761076348903952,0.9682264193084369
2003-11-30,2.63,1.2607263246617963,5.760055949690897,0.21887397200186068
2003-12-31,5.6906,4.321326324661796,5.358772148909316,0.806402325865138
2004-01-31,3.0967,1.7274263246617962,5.258084472639863,0.32852768601386284
2004-02-29,2.964,1.5947263246617964,4.940461684735419,0.3227889267088204
2004-03-31,-0.4508,-1.8200736753382034,4.6578142937379905,-0.39075702906084675
2004-04-30,-3.6433,-5.012573675338204,4.426607420251017,-1.132373666660948
2004-05-31,1.1217,-0.24757367533820362,4.60089019704217,-0.05380995084328775
2004-06-30,2.6748,1.3055263246617963,4.321339761380706,0.30211147392971227
2004-07-31,-2.1763,-3.5455736753382032,4.109016362265227,-0.8628765044351373
2004-08-31,0.1631,-1.2061736753382035,4.130409508298752,-0.2920227819819751
2004-09-30,2.6782,1.3089263246617964,3.940561158850513,0.33216749389156003
2004-10-31,2.5696,1.2003263246617963,3.78353798318584,0.3172497091336426
2004-11-30,6.2987,4.929426324661796,3.6446093922596745,1.3525252761326858
2004-12-31,3.7662,2.3969263246617967,3.9858494225486196,0.6013589753546589
2005-01-31,-1.6572,-3.0264736753382033,3.9008247921753183,-0.7758548093236641
2005-02-28,3.0651,1.6958263246617966,3.8965948731217455,0.4352072462958384
2005-03-31,0.202,-1.1672736753382036,3.769476799795726,-0.30966463977214553
2005-04-30,-2.1899,-3.5591736753382035,3.6310618073784404,-0.9802018979973963
2005-05-31,4.1257,2.7564263246617964,3.7486659608305195,0.7353086013700479
2005-06-30,2.9508,1.5815263246617965,3.7412622776997053,0.4227253283173158
2005-07-31,3.9598,2.5905263246617967,3.630866359911339,0.7134733333245165
2005-08-31,0.5098,-0.8594736753382035,3.6267161858391312,-0.23698399083283736
2005-09-30,1.983,0.6137263246617966,3.496841094970107,0.17550878292542002
2005-10-31,-2.0994,-3.468673675338204,3.3789721984852217,-1.0265469709674424
2005-11-30,2.8067,1.4374263246617967,3.537350509658866,0.4063567692081548
2005-12-31,0.0757,-1.2935736753382034,3.4503660978146278,-0.37490910780671055
2006-01-31,4.256,2.8867263246617965,3.3688578760980294,0.8568857550041082
2006-02-28,-0.7255,-2.0947736753382036,3.449547041838171,-0.6072605040405407
2006-03-31,1.5665,0.19722632466179646,3.428404125815587,0.05752715182457613
2006-04-30,3.17,1.8007263246617964,3.3135051855471813,0.543450582940443
2006-05-31,-1.6253,-2.9945736753382035,3.2908285169995537,-0.9099756064070261
2006-06-30,0.7778,-0.5914736753382035,3.401539996084814,-0.17388408662517332
2006-07-31,0.7271,-0.6421736753382036,3.2979242556840944,-0.19472056528629894
2006-08-31,0.2619,-1.1073736753382035,3.2122593234360663,-0.3447335858780156
2006-09-30,2.1559,0.7866263246617964,3.160017784077585,0.248930980270231
2006-10-31,4.2441,2.8748263246617967,3.1019563619551427,0.926778455016631
2006-11-30,1.9264,0.5571263246617963,3.2369810938930423,0.1721129374876124
2006-12-31,3.2406,1.8713263246617966,3.158774908290919,0.5924215491740413
2007-01-31,1.2055,-0.16377367533820353,3.170247630261723,-0.05165958449898219
2007-02-28,-1.2778,-2.647073675338204,3.0960902830489747,-0.8549730251184448
2007-03-31,0.4379,-0.9313736753382036,3.2029204090463756,-0.2907888915090172
2007-04-30,3.8806,2.5113263246617965,3.143669538239175,0.7988518812535349
2007-05-31,3.3474,1.9781263246617964,3.224229486987597,0.6135190849922916
2007-06-30,-2.1198,-3.4890736753382035,3.2332334348470693,-1.0791282923570396
2007-07-31,-5.3611,-6.730373675338204,3.4273840281002492,-1.9637057359658514
2007-08-31,0.0271,-1.3421736753382036,4.218817153912919,-0.31813980705310924
2007-09-30,3.1205,1.7512263246617963,4.022850863359222,0.4353197232868485
2007-10-31,0.7761,-0.5931736753382035,3.8800304603908473,-0.15287861304017994
2007-11-30,-4.6684,-6.037673675338204,3.704472176415075,-1.6298337220016688
2007-12-31,-0.3186,-1.6878736753382035,4.251965772686571,-0.3969631378927432
2008-01-31,-3.8626,-5.231873675338203,4.070711164724198,-1.2852480718053296
2008-02-29,-4.0547,-5.423973675338204,4.363057647565637,-1.2431588380145524
2008-03-31,-1.0287,-2.3979736753382035,4.621611111824362,-0.5188609810122283
2008-04-30,5.1493,3.7800263246617964,4.4371127870095615,0.8519112553840185
2008-05-31,1.9728,0.6035263246617966,4.428324775263632,0.13628772849567403
2008-06-30,-10.47,-11.839273675338204,4.176923819926863,-2.8344480736891935
2008-07-31,6.6956,5.326326324661796,6.063081690309701,0.8784850009813621
2008-08-31,0.7365,-0.6327736753382035,5.973423446849941,-0.10593149489040392
2008-09-30,-2.331,-3.7002736753382033,5.530144269019577,-0.6691097908724565
2008-10-31,-21.4227,-22.791973675338202,5.331112250897521,-4.275275515255012
2008-11-30,-15.7837,-17.152973675338202,10.145138028224874,-1.6907580387390264
2008-12-31,1.4559,0.08662632466179643,11.394089014507346,0.00760274248792517
2009-01-31,-19.0742,-20.443473675338204,10.365182130629469,-1.9723217033424851
2009-02-28,-16.4304,-17.7996736753382,12.335615871485567,-1.4429497368253088
2009-03-31,13.6165,12.247226324661797,13.170613251783205,0.9298903620151182
2009-04-30,16.5169,15.147626324661797,12.872733065055794,1.1767218544895806
2009-05-31,6.4598,5.090526324661797,13.090102893409751,0.38888359901469044
2009-06-30,0.2221,-1.1471736753382036,12.052766772543315,-0.09517928098895194
2009-07-31,9.9755,8.606226324661797,10.965936323247101,0.7848145448754006
2009-08-31,9.7581,8.388826324661798,10.525368609931007,0.7970102174613327
2009-09-30,4.2982,2.928926324661796,10.12377031282154,0.28931181112953275
2009-10-31,-6.5791,-7.948373675338204,9.295030096979222,-0.8551208110580873
2009-11-30,4.0873,2.718026324661796,9.02678378158038,0.3011068383190998
2009-12-31,1.6636,0.2943263246617964,8.309926016231056,0.03541864561572683
2010-01-31,-4.3757,-5.744973675338204,7.602661909361329,-0.7556529204941086
2010-02-28,5.407,4.037726324661796,7.31913015263706,0.5516675124580229
2010-03-31,7.6419,6.272626324661796,6.8988893015649015,0.909222637220596
2010-04-30,1.2518,-0.11747367533820352,6.796167845090192,-0.01728528164928577
2010-05-31,-7.9415,-9.310773675338202,6.253601028620241,-1.4888659562269002
2010-06-30,-8.5734,-9.942673675338202,6.811266216049535,-1.4597394023316932
2010-07-31,5.3766,4.007326324661796,7.360730586366193,0.5444196438984342
2010-08-31,-6.0817,-7.450973675338203,6.932295209451289,-1.0748205969618494
2010-09-30,7.0837,5.714426324661797,7.000278812220488,0.8163141037591303
2010-10-31,0.6987,-0.6705736753382036,6.8066308706822065,-0.09851770840497982
2010-11-30,-1.0589,-2.4281736753382033,6.268136163667856,-0.3873836834325143
2010-12-31,9.8726,8.503326324661797,5.861627409852489,1.450676702918548
2011-01-31,2.5185,1.1492263246617964,6.351739150837537,0.18093096982898926
2011-02-28,4.6732,3.303926324661796,5.876283827578631,0.5622475737396784
2011-03-31,-1.5694,-2.9386736753382037,5.588181147908995,-0.5258730162027418
2011-04-30,1.3153,-0.05397367533820363,5.309000374217332,-0.010166447830804793
2011-05-31,-2.7664,-4.135673675338204,4.939452807933465,-0.8372736487522914
2011-06-30,-1.9092,-3.2784736753382036,4.886998715103338,-0.6708562589153205
2011-07-31,-4.0443,-5.4135736753382036,4.743763402757355,-1.1411980774992943
2011-08-31,-8.3548,-9.724073675338202,4.916786931532117,-1.977729320133075
2011-09-30,-10.143,-11.512273675338204,5.948096707842852,-1.935455027178478
2011-10-31,12.5967,11.227426324661797,7.089471949727367,1.5836759640601386
2011-11-30,-2.6311,-4.000373675338204,7.838444468335959,-0.51035300326462
2011-12-31,1.3458,-0.023473675338203437,7.347130613912192,-0.003194944607865655
2012-01-31,5.98,4.610726324661797,6.743279795976967,0.6837512996884024
2012-02-29,5.9972,4.6279263246617965,6.459576881443808,0.716444189704789
2012-03-31,5.2676,3.898326324661796,6.220122671952079,0.6267282062201474
2012-04-30,-2.5454,-3.9146736753382037,5.938967601319198,-0.6591505356029647
2012-05-31,-7.9242,-9.293473675338204,5.700672006227411,-1.63024177942285
2012-06-30,5.1032,3.7339263246617964,6.398801257376471,0.5835352864503122
2012-07-31,-0.4061,-1.7753736753382037,6.076529297999867,-0.29216903075289713
2012-08-31,4.4627,3.093426324661796,5.657954800485271,0.5467393137174725
2012-09-30,4.2535,2.884226324661796,5.382130039466097,0.5358893790213789
2012-10-31,1.5272,0.15792632466179635,5.127468061790879,0.03080006013857786
2012-11-30,-0.3071,-1.6763736753382035,4.78055360586893,-0.3506651767862563
2012-12-31,4.9768,3.607526324661796,4.5238844892884,0.7974399729267302
2013-01-31,7.4721,6.102826324661796,4.4780743688737985,1.362823799238647
2013-02-28,1.3458,-0.023473675338203437,4.834255877517064,-0.00485569567125599
2013-03-31,4.0253,2.656026324661796,4.52368059888887,0.5871383415783561
2013-04-30,2.0948,0.7255263246617967,4.3764074396616275,0.1657812565819723
2013-05-31,6.9468,5.577526324661796,4.13493465772364,1.3488789512655392
2013-06-30,-1.8703,-3.2395736753382036,4.475514747265075,-0.7238438164722532
2013-07-31,6.2403,4.871026324661797,4.395179722525172,1.1082655618604
2013-08-31,-4.3915,-5.7607736753382035,4.553100236001709,-1.2652420058287601
2013-09-30,2.401,1.0317263246617963,4.828216521178363,0.21368683863622495
2013-10-31,3.7573,2.388026324661796,4.536126375921289,0.5264461628181131
2013-11-30,4.5859,3.216626324661796,4.363624325669536,0.7371455662990076
2013-12-31,2.0839,0.7146263246617963,4.299680726733609,0.16620450914379525
2014-01-31,-3.831,-5.200273675338203,4.068348683931406,-1.2782271332537243
2014-02-28,3.2153,1.8460263246617965,4.355554206959791,0.4238327057695687
2014-03-31,4.422,3.052726324661796,4.169343279151727,0.7321839724559422
2014-04-30,-0.8866,-2.2558736753382034,4.1204264520264235,-0.5474854852047574
2014-05-31,1.4244,0.055126324661796566,4.001091420986769,0.01377782181447907
2014-06-30,3.0156,1.6463263246617965,3.801315067158213,0.4330938887137701
2014-07-31,-2.4256,-3.794873675338204,3.6857545797123192,-1.0296056325145777
2014-08-31,4.18,2.810726324661796,3.826331716243321,0.7345746613472804
2014-09-30,-1.8613,-3.2305736753382037,3.810941437244146,-0.8477101337128836
2014-10-31,1.4376,0.06832632466179644,3.8483405987582024,0.017754749848244787
2014-11-30,0.2797,-1.0895736753382035,3.6702413812994337,-0.29686703465602704
2014-12-31,1.7162,0.3469263246617964,3.543303659404066,0.09791041299580419
2015-01-31,-6.2144,-7.583673675338204,3.412629828952977,-2.2222374108664864
2015-02-28,5.4888,4.119526324661797,4.422420177668671,0.9315094810447098
2015-03-31,-1.2578,-2.6270736753382034,4.461852681489826,-0.5887853909289125
2015-04-30,1.4804,0.1111263246617964,4.321573247814051,0.025714321680884753
2015-05-31,0.8743,-0.4949736753382036,4.078052505669315,-0.12137501286461869
2015-06-30,-1.3591,-2.7283736753382035,3.872268946170115,-0.704593021111489
2015-07-31,0.0785,-1.2907736753382035,3.83971571189176,-0.3361638652936267
2015-08-31,-6.5957,-7.964973675338204,3.696895049304399,-2.1545035953446607
2015-09-30,-4.2199,-5.589173675338204,4.701375712157634,-1.1888379099089545
2015-10-31,6.3982,5.028926324661796,4.913151258150447,1.0235643196043047
2015-11-30,1.668,0.2987263246617964,4.990540453116528,0.05985851181213163
2015-12-31,-3.5465,-4.915773675338204,4.661706750071954,-1.054500838188144
2016-01-31,-8.1214,-9.490673675338202,4.7716750179260385,-1.9889606143930627
2016-02-29,-2.2203,-3.5895736753382037,5.792665643127848,-0.6196756202555396
2016-03-31,8.182,6.812726324661797,5.543242571241893,1.2290146492967728
2016-04-30,4.7374,3.3681263246617963,5.785623226823537,0.5821544529630541
2016-05-31,0.6686,-0.7006736753382036,5.516210942349434,-0.12702082691561764
2016-06-30,-2.6061,-3.9753736753382034,5.128777885428024,-0.7751112963252136
2016-07-31,3.7228,2.3535263246617966,5.024341072245916,0.4684248722011529
2016-08-31,3.87,2.5007263246617963,4.7780617443980615,0.523376728564406
2016-09-30,-0.4128,-1.7820736753382036,4.578789992521424,-0.38920188046380805
2016-10-31,1.1237,-0.24557367533820362,4.356361108309005,-0.05637128539914066
2016-11-30,12.5067,11.137426324661797,4.109060808795542,2.7104554648648356
2016-12-31,3.4618,2.0925263246617964,5.819778876381615,0.3595542664264939
2017-01-31,0.3976,-0.9716736753382036,5.449958885917178,-0.17829009276547594
2017-02-28,4.0321,2.662826324661796,5.0773161091004235,0.5244554933046278
2017-03-31,-2.5678,-3.937073675338204,4.847786916595997,-0.8121383515970882
2017-04-30,-0.8741,-2.2433736753382036,4.7862336906141945,-0.46871377796229635
2017-05-31,-1.7797,-3.148973675338204,4.565639750323683,-0.6897113761800755
2017-06-30,4.2588,2.889526324661796,4.460496752368212,0.6478037055239777
2017-07-31,2.1291,0.7598263246617967,4.345622938647727,0.1748486547013303
2017-08-31,-1.1861,-2.5553736753382035,4.109258350671399,-0.6218576339744345
2017-09-30,4.7112,3.341926324661796,4.018822435265445,0.8315685448892096
2017-10-31,2.8534,1.4841263246617966,4.031111357347703,0.3681680293839086
2017-11-30,3.2233,1.8540263246617965,3.8702298489118907,0.479048117822525
2017-12-31,1.9432,0.5739263246617965,3.758502840118918,0.15270078248594263
2018-01-31,5.2282,3.8589263246617964,3.6001841626099895,1.0718691462339607
2018-02-28,-4.0418,-5.411073675338204,3.76900293051783,-1.4356777575109942
2018-03-31,-3.3123,-4.681573675338203,4.170305922825768,-1.1225971815914177
2018-04-30,0.5104,-0.8588736753382036,4.345593377938978,-0.19764243928076608
2018-05-31,-0.3068,-1.6760736753382035,4.1121734975984,-0.40758826842229967
2018-06-30,-1.2942,-2.663473675338204,3.9508797931054898,-0.6741469786010997
2018-07-31,4.6301,3.260826324661796,3.8978303831723125,0.836574710572172
2018-08-31,0.8053,-0.5639736753382035,3.9225706651944097,-0.14377654948129584
2018-09-30,-1.7273,-3.0965736753382034,3.7402133479025066,-0.8279136475128476
2018-10-31,-5.5113,-6.880573675338204,3.7743267011884853,-1.8229936674987894
2018-11-30,2.2525,0.8832263246617964,4.488652211902081,0.19676871429687495
2018-12-31,-11.5893,-12.958573675338203,4.236612675842037,-3.058710971911695
2019-01-31,9.1228,7.753526324661796,6.430920057171294,1.2056636151176576
2019-02-28,1.2126,-0.15667367533820364,6.650097764685371,-0.023559604818173104
2019-03-31,-1.9075,-3.2767736753382035,6.124092558126571,-0.5350627287613376
2019-04-30,7.3408,5.971526324661796,5.799169825013303,1.0297208919292336
2019-05-31,-8.3074,-9.676673675338202,5.850072076302963,-1.6541118723196169
2019-06-30,7.4547,6.085426324661796,6.5917139432056,0.9231933268181852
2019-07-31,2.5959,1.2266263246617963,6.5156333071750225,0.1882589560881264
2019-08-31,-6.6243,-7.993573675338204,6.023401803572699,-1.3270862439555209
2019-09-30,5.7603,4.391026324661796,6.375524947511069,0.6887317296712958
2019-10-31,2.5062,1.1369263246617967,6.122610947658468,0.18569305389175558
2019-11-30,2.9978,1.6285263246617963,5.673741776396512,0.2870286292260732
2019-12-31,4.1615,2.7922263246617964,5.298150850047297,0.5270190305428676
2020-01-31,-4.4494,-5.818673675338204,5.047713145807298,-1.1527346161045773
2020-02-29,-10.8927,-12.261973675338202,5.224210711812514,-2.347143779559376
2020-03-31,-27.2698,-28.639073675338203,6.8074198289705095,-4.20703796664019
2020-04-30,14.0144,12.645126324661797,12.76368540166222,0.9907112191134871
2020-05-31,3.308,1.9387263246617963,12.59281035662584,0.15395501637501552
2020-06-30,1.0684,-0.30087367533820353,11.467079129788921,-0.026238039515799682
2020-07-31,3.641,2.2717263246617962,10.431336058643225,0.21777903730553125
2020-08-31,5.3027,3.933426324661796,9.541865748950729,0.4122282191084417
2020-09-30,-4.2679,-5.637173675338204,8.836733922323795,-0.6379250212680159
2020-10-31,0.0284,-1.3408736753382036,8.36415745273783,-0.1603118643945777
2020-11-30,18.1738,16.804526324661797,7.667939153870152,2.191530995154055
2020-12-31,5.6109,4.241626324661796,9.591158032984028,0.4422433985630127
2021-01-31,0.8207,-0.5485736753382036,8.901590168114147,-0.06162648077230251
2021-02-28,11.0863,9.717026324661797,8.1334183107435,1.1947038690763632
2021-03-31,7.2221,5.852826324661796,8.345916375140195,0.7012802503144516
2021-04-30,5.4542,4.084926324661796,7.965092608573131,0.5128535882012264
2021-05-31,5.4776,4.108326324661796,7.464489360589696,0.5503827691620204
2021-06-30,-3.9585,-5.327773675338204,7.031148113937803,-0.7577387915889569
2021-07-31,-2.4208,-3.7900736753382036,6.785298520943473,-0.5585713972111586
2021-08-31,2.9412,1.5719263246617963,6.414900831686776,0.24504296573022216
2021-09-30,-0.0561,-1.4253736753382036,5.946675184843274,-0.23969253928164055
2021-10-31,6.3446,4.975326324661796,5.528833153110895,0.8998872251846379
2021-11-30,-4.4678,-5.837073675338204,5.484248176814388,-1.0643343421283245
2021-12-31,4.6631,3.2938263246617963,5.575021152098364,0.5908186237862154
2022-01-31,5.4471,4.077826324661796,5.329094269559296,0.7652006360546185
2022-02-28,0.4079,-0.9613736753382036,5.203835735517814,-0.18474327865050122
2022-03-31,2.0191,0.6498263246617964,4.86146937963651,0.13366870670496409
2022-04-30,-6.1384,-7.507673675338204,4.554431342163816,-1.6484327265698333
2022-05-31,5.8341,4.4648263246617965,5.178493342714052,0.8621863598499439
2022-06-30,-12.4239,-13.793173675338203,5.126947939780725,-2.6903284053881236
2022-07-31,7.8976,6.528326324661796,7.178752291698949,0.9093956803901335
2022-08-31,-1.6185,-2.987773675338204,7.064010380395438,-0.4229571467830927
2022-09-30,-8.6299,-9.999173675338202,6.594276648850582,-1.5163412467811934
2022-10-31,14.8008,13.431526324661798,7.209283008915514,1.8630876757163526
2022-11-30,4.8528,3.4835263246617965,8.428323179106323,0.4133119068449347
2022-12-31,-4.9225,-6.291773675338204,7.825366331964238,-0.8040228927862744
2023-01-31,5.2983,3.9290263246617965,7.574247045651834,0.5187349053946348
2023-02-28,-3.7408,-5.110073675338204,7.111136507814026,-0.7186015441727258
2023-03-31,-5.5395,-6.908773675338204,6.828016595062532,-1.0118273116579812
2023-04-30,2.1385,0.7692263246617965,6.830632689724784,0.11261421300239607
2023-05-31,-6.3617,-7.730973675338204,6.291133797769209,-1.2288681061082425
2023-06-30,6.1955,4.826226324661796,6.535919304946842,0.7384158370818578
2023-07-31,6.9901,5.620826324661796,6.307389785192419,0.8911493527572313
2023-08-31,-5.5239,-6.893173675338204,6.21586961989941,-1.1089636843846404
2023-09-30,-3.08,-4.449273675338204,6.332585435452719,-0.702599865519244
2023-10-31,-4.3261,-5.695373675338204,6.092470800972737,-0.934821661259151
2023-11-30,12.2418,10.872526324661797,6.048719626789589,1.7974921959529615
2023-12-31,10.9996,9.630326324661796,7.006237804744326,1.3745360338954737
2024-01-31,-1.9973,-3.366573675338204,7.447109098645392,-0.45206450325141256
2024-02-29,2.8126,1.4433263246617967,6.956236308694925,0.2074866724780059
2024-03-31,8.0831,6.713826324661796,6.420126777969655,1.0457466895669345
2024-04-30,-5.8788,-7.248073675338204,6.46856036321115,-1.1205080061647728
2024-05-31,4.3303,2.9610263246617965,6.593714029117546,0.4490680535409993
2024-06-30,-0.5397,-1.9089736753382036,6.181654690500197,-0.3088127323371627
2024-07-31,6.4882,5.118926324661796,5.756690190816211,0.8892134464397867
2024-08-31,2.5351,1.1658263246617964,5.691785648765835,0.20482611198026854
2024-09-30,-0.9125,-2.2817736753382034,5.295562170906461,-0.4308841255559509
2024-10-31,1.9062,0.5369263246617964,5.006639574424841,0.10724285554817037
2024-11-30,10.1188,8.749526324661797,4.678997335841999,1.8699575350553805
2024-12-31,-6.5888,-7.958073675338204,5.5498525602590245,-1.433925241964767
2025-01-31,5.9062,4.536926324661796,6.007032388301771,0.7552691631057472
2025-02-28,2.5586,1.1893263246617967,5.827090702223107,0.2041029366864075
2025-03-31,-3.1081,-4.477373675338203,5.415223502494284,-0.8268123510093164
2025-04-30,-2.659,-4.028273675338204,5.324602394123474,-0.7565398084529334
2025-05-31,2.872,1.5027263246617963,5.194250527959797,0.2893057076421069
2025-06-30,4.0982,2.7289263246617965,4.873767477355121,0.5599213211014163
2025-07-31,0.0871,-1.2821736753382036,4.67973871363965,-0.2739840306898241
2025-08-31,6.8837,5.514426324661796,4.41706644330352,1.2484363537301832
2025-09-30,2.8479,1.4786263246617966,4.679305899523258,0.3159926613928881
2025-10-31,1.7309,0.36162632466179656,4.425940859450237,0.0817060905569162
2025-11-30,3.2934,1.9241263246617966,4.170640450500784,0.46135032436822976
2025-12-31,3.7871,2.417826324661797,4.017431808888544,0.601833818140328
2026-01-31,2.3511,0.9818263246617966,3.9291362233746643,0.24988350335650203
