date,strategy,gross_return,net_return,turnover,gross_wealth,net_wealth
1946-07-31,stat_arb_cointegration,0.0,0.0,0.0,1.0,1.0
1946-08-31,stat_arb_cointegration,0.0,0.0,0.0,1.0,1.0
1946-09-30,stat_arb_cointegration,0.0,0.0,0.0,1.0,1.0
1946-10-31,stat_arb_cointegration,0.0,0.0,0.0,1.0,1.0
1946-11-30,stat_arb_cointegration,0.0,0.0,0.0,1.0,1.0
1946-12-31,stat_arb_cointegration,0.0,0.0,0.0,1.0,1.0
1947-01-31,stat_arb_cointegration,0.0,0.0,0.0,1.0,1.0
1947-02-28,stat_arb_cointegration,0.0,0.0,0.0,1.0,1.0
1947-03-31,stat_arb_cointegration,0.0,0.0,0.0,1.0,1.0
1947-04-30,stat_arb_cointegration,0.0,0.0,0.0,1.0,1.0
1947-05-31,stat_arb_cointegration,0.0,0.0,0.0,1.0,1.0
1947-06-30,stat_arb_cointegration,0.0,0.0,0.0,1.0,1.0
1947-07-31,stat_arb_cointegration,0.0,0.0,0.0,1.0,1.0
1947-08-31,stat_arb_cointegration,0.0,0.0,0.0,1.0,1.0
1947-09-30,stat_arb_cointegration,0.0,0.0,0.0,1.0,1.0
1947-10-31,stat_arb_cointegration,0.0,0.0,0.0,1.0,1.0
1947-11-30,stat_arb_cointegration,0.0,0.0,0.0,1.0,1.0
1947-12-31,stat_arb_cointegration,0.0,0.0,0.0,1.0,1.0
1948-01-31,stat_arb_cointegration,0.0,0.0,0.0,1.0,1.0
1948-02-29,stat_arb_cointegration,0.0,0.0,0.0,1.0,1.0
1948-03-31,stat_arb_cointegration,0.0,0.0,0.0,1.0,1.0
1948-04-30,stat_arb_cointegration,0.0,0.0,0.0,1.0,1.0
1948-05-31,stat_arb_cointegration,0.0,0.0,0.0,1.0,1.0
1948-06-30,stat_arb_cointegration,0.0,0.0,0.0,1.0,1.0
1948-07-31,stat_arb_cointegration,0.0,0.0,0.0,1.0,1.0
1948-08-31,stat_arb_cointegration,0.0,0.0,0.0,1.0,1.0
1948-09-30,stat_arb_cointegration,0.0,0.0,0.0,1.0,1.0
1948-10-31,stat_arb_cointegration,0.0,0.0,0.0,1.0,1.0
1948-11-30,stat_arb_cointegration,0.0,0.0,0.0,1.0,1.0
1948-12-31,stat_arb_cointegration,0.0,0.0,0.0,1.0,1.0
1949-01-31,stat_arb_cointegration,0.0033851258291568787,0.0028851258291568787,0.5,1.0033851258291568,1.002885125829157
1949-02-28,stat_arb_cointegration,-5.568067881233166e-05,-5.978777598347095e-05,0.004107097171139294,1.0033292566642404,1.0028251655579166
1949-03-31,stat_arb_cointegration,-0.0007255689312179563,-0.0007295696944526682,0.004000763234712018,1.0026012721278228,1.002093534708291
1949-04-30,stat_arb_cointegration,-0.004506314657768226,-0.004511184337796657,0.004869680028430565,0.9980832353193362,0.9975729060495078
1949-05-31,stat_arb_cointegration,-0.004533366307362322,-0.004537047264243279,0.0036809568809573756,0.9935585584083964,0.9930468706252326
1949-06-30,stat_arb_cointegration,-0.007527804598250004,-0.007532562585806949,0.004757987556945266,0.986079243723779,0.9855666829216083
1949-07-31,stat_arb_cointegration,0.006653781597627254,0.006554153402632121,0.09962819499513312,0.9926403996494705,0.9920262381499998
1949-08-31,stat_arb_cointegration,0.003241955371162791,0.0032387413527452027,0.0032140184175883588,0.9958584955247474,0.9952391545505045
1949-09-30,stat_arb_cointegration,0.002069371297267879,0.002067295208436336,0.0020760888315429146,0.9979192965115267,0.9972966076859551
1949-10-31,stat_arb_cointegration,-0.0019088610312359266,-0.001911483172726088,0.0026221414901614476,0.9960144072540975,0.9953902920021466
1949-11-30,stat_arb_cointegration,-5.2171119734054864e-05,-5.426695726772523e-05,0.002095837533670368,0.9959624440671998,0.9953362751997058
1949-12-31,stat_arb_cointegration,0.0028722533230869027,0.0028689405707213117,0.0033127523655909624,0.9988231005068416,0.9981918358211369
1950-01-31,stat_arb_cointegration,0.0048177196642282035,0.004813271468880386,0.004448195347817284,1.0036351501992389,1.0029964041049642
1950-02-28,stat_arb_cointegration,0.0018007560026011152,0.001793713692113273,0.0070423104878422,1.0054424522203818,1.0047954924881477
1950-03-31,stat_arb_cointegration,-0.007504429665329566,-0.007506193082873,0.001763417543433718,0.9978971800551574,0.9972533035127311
1950-04-30,stat_arb_cointegration,0.0014785526342931954,0.0014715869507642382,0.006965683528957191,0.9993726235594815,0.9987208484607869
1950-05-31,stat_arb_cointegration,-0.0025429992129183017,-0.0025467556801803933,0.0037564672620916603,0.9968312197643576,0.9961773504670548
1950-06-30,stat_arb_cointegration,-0.0009668443316023755,-0.0009714982038776276,0.004653872275252109,0.9958674391499642,0.9952095659603325
1950-07-31,stat_arb_cointegration,0.01187671083626685,0.011700619799038164,0.17609103722868535,1.007695068756002,1.0068541347120001
1950-08-31,stat_arb_cointegration,9.835650460896656e-05,8.041116178547438e-05,0.017945342823492166,1.0077941821206764,1.0069350970227207
1950-09-30,stat_arb_cointegration,3.452200349553236e-05,3.034534224411944e-05,0.004176661251412922,1.0078289731949543,1.0069656528128574
1950-10-31,stat_arb_cointegration,0.004619223675465236,0.004616701115412237,0.002522560052999105,1.0124843606487564,1.0116145122653806
1950-11-30,stat_arb_cointegration,0.00033418366416362866,0.0003307914391000099,0.003392225063618727,1.0128227163823065,1.0119491456857073
1950-12-31,stat_arb_cointegration,0.006221195259388024,0.006215385587405492,0.005809671982532318,1.0191236842640645,1.0182387998209894
1951-01-31,stat_arb_cointegration,0.004168233197641813,0.004159592763681672,0.008640433960141476,1.023371629437317,1.0224742585644249
1951-02-28,stat_arb_cointegration,-0.0058909719769123185,-0.005896593244069407,0.005621267157089129,1.0173429758463346,1.016445143759139
1951-03-31,stat_arb_cointegration,-0.0052237017047828405,-0.005228960284353392,0.005258579570551345,1.0120286796090572,1.0111301924711986
1951-04-30,stat_arb_cointegration,0.00046905822192457036,0.00046372669444283096,0.005331527481739422,1.0125033799820513,1.0115990805330046
1951-05-31,stat_arb_cointegration,-0.0037155454831336136,-0.003722302695766236,0.00675721263262229,1.0087413776219014,1.007833602548502
1951-06-30,stat_arb_cointegration,-0.011705207926857824,-0.011708058020622475,0.0028500937646513975,0.9969338500524121,0.9960338282547311
1951-07-31,stat_arb_cointegration,-0.0009722799543115425,-0.001479710916206163,0.5074309618946206,0.9959645512542314,0.9945599861261519
1951-08-31,stat_arb_cointegration,0.0014649187179342424,0.0014619678591672417,0.0029508587670006824,0.9974235583677629,0.9960140008598821
1951-09-30,stat_arb_cointegration,0.005771178393969663,0.005769089850958298,0.0020885430113653236,1.003179867657451,1.0017600951236554
1951-10-31,stat_arb_cointegration,-0.011246689870770925,-0.011251275689582459,0.004585818811534307,0.9918974148013067,0.9904890161185967
1951-11-30,stat_arb_cointegration,-0.0003582893022680213,-0.0003643629567805187,0.00607365451249741,0.991542028568636,0.9901281186120251
1951-12-31,stat_arb_cointegration,-0.005721030565804867,-0.00572168228091118,0.000651715106313646,0.9858693863159147,0.9844629200999307
1952-01-31,stat_arb_cointegration,-0.004961020833029543,-0.004967285691179615,0.0062648581500720744,0.9809784677517555,0.9795728115234215
1952-02-29,stat_arb_cointegration,0.0023400914595182697,0.002336236005907694,0.0038554536105757688,0.9832740470861125,0.9818613247961107
1952-03-31,stat_arb_cointegration,-0.0025413349387009045,-0.0025435259444397534,0.0021910057388487905,0.9807752183959347,0.9793639350426497
1952-04-30,stat_arb_cointegration,0.0012214231693915174,0.001216752729483825,0.004670439907692302,0.9819731599716485,0.9805555787837709
1952-05-31,stat_arb_cointegration,0.0013789605776170083,0.0013777107286323822,0.0012498489846261805,0.9833272622475274,0.9819065007246816
1952-06-30,stat_arb_cointegration,-0.0014854718854448046,-0.001487426647049632,0.0019547616048273264,0.9818665572452673,0.9804459868305925
1952-07-31,stat_arb_cointegration,0.0,-0.0004999999999999999,0.49999999999999994,0.9818665572452673,0.9799557638371772
1952-08-31,stat_arb_cointegration,0.0,0.0,0.0,0.9818665572452673,0.9799557638371772
1952-09-30,stat_arb_cointegration,0.0,0.0,0.0,0.9818665572452673,0.9799557638371772
1952-10-31,stat_arb_cointegration,0.0,0.0,0.0,0.9818665572452673,0.9799557638371772
1952-11-30,stat_arb_cointegration,0.0,0.0,0.0,0.9818665572452673,0.9799557638371772
1952-12-31,stat_arb_cointegration,0.0,0.0,0.0,0.9818665572452673,0.9799557638371772
1953-01-31,stat_arb_cointegration,0.0,0.0,0.0,0.9818665572452673,0.9799557638371772
1953-02-28,stat_arb_cointegration,0.0,0.0,0.0,0.9818665572452673,0.9799557638371772
1953-03-31,stat_arb_cointegration,0.0,0.0,0.0,0.9818665572452673,0.9799557638371772
1953-04-30,stat_arb_cointegration,0.0,0.0,0.0,0.9818665572452673,0.9799557638371772
1953-05-31,stat_arb_cointegration,0.0,0.0,0.0,0.9818665572452673,0.9799557638371772
1953-06-30,stat_arb_cointegration,0.0,0.0,0.0,0.9818665572452673,0.9799557638371772
1953-07-31,stat_arb_cointegration,0.0,0.0,0.0,0.9818665572452673,0.9799557638371772
1953-08-31,stat_arb_cointegration,0.0,0.0,0.0,0.9818665572452673,0.9799557638371772
1953-09-30,stat_arb_cointegration,0.0,0.0,0.0,0.9818665572452673,0.9799557638371772
1953-10-31,stat_arb_cointegration,0.0021942145321857814,0.0016942145321857814,0.5,0.9840209831138421,0.9816160191331694
1953-11-30,stat_arb_cointegration,0.004516755905414083,0.004514072003652854,0.002683901761228534,0.9884655657003728,0.9860471045234758
1953-12-31,stat_arb_cointegration,-0.007179179413262634,-0.00718169726535348,0.0025178520908460227,0.9813691940603777,0.9789656127294099
1954-01-31,stat_arb_cointegration,0.006217786446061038,0.006212438287845974,0.005348158215063962,0.9874711381337882,0.9850473761844145
1954-02-28,stat_arb_cointegration,-0.0024436035324515047,-0.002448374274749767,0.004770742298262402,0.9850581501724505,0.9826356115291548
1954-03-31,stat_arb_cointegration,-0.001966256566170138,-0.0019683337497475436,0.0020771835774056682,0.9831212731166145,0.9807014566912781
1954-04-30,stat_arb_cointegration,0.007653642112300785,0.007650675153725859,0.0029669585749263136,0.9906457314940386,0.9882044849592087
1954-05-31,stat_arb_cointegration,0.008642154255965921,0.008635515639296177,0.006638616669744357,0.9992070447186241,0.9967381402438964
1954-06-30,stat_arb_cointegration,0.00646105198747576,0.006455800890507694,0.005251096968065812,1.0056629733808031,1.003172883217286
1954-07-31,stat_arb_cointegration,0.0,-0.0005,0.5,1.0056629733808031,1.0026712967756772
1954-08-31,stat_arb_cointegration,0.0,0.0,0.0,1.0056629733808031,1.0026712967756772
1954-09-30,stat_arb_cointegration,0.0,0.0,0.0,1.0056629733808031,1.0026712967756772
1954-10-31,stat_arb_cointegration,0.0,0.0,0.0,1.0056629733808031,1.0026712967756772
1954-11-30,stat_arb_cointegration,0.0,0.0,0.0,1.0056629733808031,1.0026712967756772
1954-12-31,stat_arb_cointegration,-0.014256407272461774,-0.014756407272461775,0.49999999999999994,0.9913258324534515,0.987875470760048
1955-01-31,stat_arb_cointegration,-0.004388026307892734,-0.004396949749259348,0.008923441366614453,0.9869758686209521,0.9835318319565902
1955-02-28,stat_arb_cointegration,-0.004939736762068964,-0.004944019161758843,0.0042823996898796665,0.9821004676394502,0.9786692317331971
1955-03-31,stat_arb_cointegration,-0.005131403498999216,-0.005135745719634059,0.004342220634842757,0.9770609138634364,0.9736430354153858
1955-04-30,stat_arb_cointegration,-0.002673258882594117,-0.0026778385718097333,0.0045796892156160455,0.9744489770966155,0.9710357765399765
1955-05-31,stat_arb_cointegration,0.00018293211543922157,0.00017766492574493997,0.005267189694281603,0.9746272351093833,0.9712082955391113
1955-06-30,stat_arb_cointegration,-0.00560976499896711,-0.005610732234794022,0.0009672358269120478,0.9691598053588266,0.9657591058486306
1955-07-31,stat_arb_cointegration,0.0004956593907932143,0.0003290380707338182,0.16662132005939606,0.969640178517532,0.9660768773616127
1955-08-31,stat_arb_cointegration,-0.004170406681673584,-0.0041745342263480945,0.004127544674510764,0.9655963846382234,0.9620439563717832
1955-09-30,stat_arb_cointegration,0.005512912575104606,0.005510793475630102,0.0021190994745039216,0.970919633089571,0.9673455819298261
1955-10-31,stat_arb_cointegration,0.001015667998504605,0.0010119153206573123,0.003752677847292725,0.9719057650900198,0.9683244537445511
1955-11-30,stat_arb_cointegration,-0.006384043667957168,-0.00638854644131516,0.0045027733579921375,0.9657010762445458,0.9621382680015429
1955-12-31,stat_arb_cointegration,0.010727295423701095,0.0107182467618054,0.00904866189569354,0.976060436980407,0.9724507033769595
1956-01-31,stat_arb_cointegration,-1.0007006058160295e-05,-1.7593520539610608e-05,0.007586514481450313,0.976050669537701,0.9724335945455358
1956-02-29,stat_arb_cointegration,-0.0033339147637347893,-0.003336109462869898,0.0021946991351090225,0.972796599800376,0.9691894496287599
1956-03-31,stat_arb_cointegration,0.004910038408501847,0.004906690985613958,0.003347422887889945,0.9775730684690559,0.9739449627646054
1956-04-30,stat_arb_cointegration,-0.0012731445704587787,-0.0012778588883953941,0.004714317936615385,0.9763284766247078,0.9727003985371288
1956-05-31,stat_arb_cointegration,0.004953435254185269,0.0049517791307218464,0.0016561234634230038,0.9811646565204857,0.9775169960710498
1956-06-30,stat_arb_cointegration,0.00123120617966168,0.001226234010897093,0.004972168764586865,0.9823726725088594,0.9787156606578621
1956-07-31,stat_arb_cointegration,0.0,-0.0005,0.5,0.9823726725088594,0.9782263028275332
1956-08-31,stat_arb_cointegration,0.0,0.0,0.0,0.9823726725088594,0.9782263028275332
1956-09-30,stat_arb_cointegration,0.0,0.0,0.0,0.9823726725088594,0.9782263028275332
1956-10-31,stat_arb_cointegration,0.0,0.0,0.0,0.9823726725088594,0.9782263028275332
1956-11-30,stat_arb_cointegration,0.0,0.0,0.0,0.9823726725088594,0.9782263028275332
1956-12-31,stat_arb_cointegration,0.0,0.0,0.0,0.9823726725088594,0.9782263028275332
1957-01-31,stat_arb_cointegration,0.0,0.0,0.0,0.9823726725088594,0.9782263028275332
1957-02-28,stat_arb_cointegration,0.0,0.0,0.0,0.9823726725088594,0.9782263028275332
1957-03-31,stat_arb_cointegration,0.0,0.0,0.0,0.9823726725088594,0.9782263028275332
1957-04-30,stat_arb_cointegration,0.0,0.0,0.0,0.9823726725088594,0.9782263028275332
1957-05-31,stat_arb_cointegration,0.0,0.0,0.0,0.9823726725088594,0.9782263028275332
1957-06-30,stat_arb_cointegration,0.0,0.0,0.0,0.9823726725088594,0.9782263028275332
1957-07-31,stat_arb_cointegration,0.0,0.0,0.0,0.9823726725088594,0.9782263028275332
1957-08-31,stat_arb_cointegration,0.0,0.0,0.0,0.9823726725088594,0.9782263028275332
1957-09-30,stat_arb_cointegration,0.0,0.0,0.0,0.9823726725088594,0.9782263028275332
1957-10-31,stat_arb_cointegration,0.0,0.0,0.0,0.9823726725088594,0.9782263028275332
1957-11-30,stat_arb_cointegration,0.0,0.0,0.0,0.9823726725088594,0.9782263028275332
1957-12-31,stat_arb_cointegration,0.0,0.0,0.0,0.9823726725088594,0.9782263028275332
1958-01-31,stat_arb_cointegration,0.0,0.0,0.0,0.9823726725088594,0.9782263028275332
1958-02-28,stat_arb_cointegration,0.0,0.0,0.0,0.9823726725088594,0.9782263028275332
1958-03-31,stat_arb_cointegration,0.0,0.0,0.0,0.9823726725088594,0.9782263028275332
1958-04-30,stat_arb_cointegration,0.0,0.0,0.0,0.9823726725088594,0.9782263028275332
1958-05-31,stat_arb_cointegration,0.0,0.0,0.0,0.9823726725088594,0.9782263028275332
1958-06-30,stat_arb_cointegration,0.0,0.0,0.0,0.9823726725088594,0.9782263028275332
1958-07-31,stat_arb_cointegration,0.0,0.0,0.0,0.9823726725088594,0.9782263028275332
1958-08-31,stat_arb_cointegration,0.0,0.0,0.0,0.9823726725088594,0.9782263028275332
1958-09-30,stat_arb_cointegration,0.0,0.0,0.0,0.9823726725088594,0.9782263028275332
1958-10-31,stat_arb_cointegration,0.0,0.0,0.0,0.9823726725088594,0.9782263028275332
1958-11-30,stat_arb_cointegration,0.0,0.0,0.0,0.9823726725088594,0.9782263028275332
1958-12-31,stat_arb_cointegration,0.0,0.0,0.0,0.9823726725088594,0.9782263028275332
1959-01-31,stat_arb_cointegration,0.0,0.0,0.0,0.9823726725088594,0.9782263028275332
1959-02-28,stat_arb_cointegration,0.0,0.0,0.0,0.9823726725088594,0.9782263028275332
1959-03-31,stat_arb_cointegration,0.0,0.0,0.0,0.9823726725088594,0.9782263028275332
1959-04-30,stat_arb_cointegration,0.0,0.0,0.0,0.9823726725088594,0.9782263028275332
1959-05-31,stat_arb_cointegration,0.0,0.0,0.0,0.9823726725088594,0.9782263028275332
1959-06-30,stat_arb_cointegration,0.0,0.0,0.0,0.9823726725088594,0.9782263028275332
1959-07-31,stat_arb_cointegration,0.0,0.0,0.0,0.9823726725088594,0.9782263028275332
1959-08-31,stat_arb_cointegration,0.0,0.0,0.0,0.9823726725088594,0.9782263028275332
1959-09-30,stat_arb_cointegration,0.0,0.0,0.0,0.9823726725088594,0.9782263028275332
1959-10-31,stat_arb_cointegration,0.0,0.0,0.0,0.9823726725088594,0.9782263028275332
1959-11-30,stat_arb_cointegration,0.0,0.0,0.0,0.9823726725088594,0.9782263028275332
1959-12-31,stat_arb_cointegration,0.0,0.0,0.0,0.9823726725088594,0.9782263028275332
1960-01-31,stat_arb_cointegration,0.0,0.0,0.0,0.9823726725088594,0.9782263028275332
1960-02-29,stat_arb_cointegration,0.0,0.0,0.0,0.9823726725088594,0.9782263028275332
1960-03-31,stat_arb_cointegration,0.0,0.0,0.0,0.9823726725088594,0.9782263028275332
1960-04-30,stat_arb_cointegration,0.0,0.0,0.0,0.9823726725088594,0.9782263028275332
1960-05-31,stat_arb_cointegration,0.0,0.0,0.0,0.9823726725088594,0.9782263028275332
1960-06-30,stat_arb_cointegration,0.0,0.0,0.0,0.9823726725088594,0.9782263028275332
1960-07-31,stat_arb_cointegration,0.0,0.0,0.0,0.9823726725088594,0.9782263028275332
1960-08-31,stat_arb_cointegration,0.0,0.0,0.0,0.9823726725088594,0.9782263028275332
1960-09-30,stat_arb_cointegration,0.0,0.0,0.0,0.9823726725088594,0.9782263028275332
1960-10-31,stat_arb_cointegration,0.0,0.0,0.0,0.9823726725088594,0.9782263028275332
1960-11-30,stat_arb_cointegration,0.0,0.0,0.0,0.9823726725088594,0.9782263028275332
1960-12-31,stat_arb_cointegration,0.0,0.0,0.0,0.9823726725088594,0.9782263028275332
1961-01-31,stat_arb_cointegration,0.0,0.0,0.0,0.9823726725088594,0.9782263028275332
1961-02-28,stat_arb_cointegration,0.0,0.0,0.0,0.9823726725088594,0.9782263028275332
1961-03-31,stat_arb_cointegration,0.0,0.0,0.0,0.9823726725088594,0.9782263028275332
1961-04-30,stat_arb_cointegration,0.0,0.0,0.0,0.9823726725088594,0.9782263028275332
1961-05-31,stat_arb_cointegration,0.0,0.0,0.0,0.9823726725088594,0.9782263028275332
1961-06-30,stat_arb_cointegration,0.0,0.0,0.0,0.9823726725088594,0.9782263028275332
1961-07-31,stat_arb_cointegration,0.0,0.0,0.0,0.9823726725088594,0.9782263028275332
1961-08-31,stat_arb_cointegration,0.0,0.0,0.0,0.9823726725088594,0.9782263028275332
1961-09-30,stat_arb_cointegration,0.0,0.0,0.0,0.9823726725088594,0.9782263028275332
1961-10-31,stat_arb_cointegration,0.0,0.0,0.0,0.9823726725088594,0.9782263028275332
1961-11-30,stat_arb_cointegration,0.0,0.0,0.0,0.9823726725088594,0.9782263028275332
1961-12-31,stat_arb_cointegration,0.0,0.0,0.0,0.9823726725088594,0.9782263028275332
1962-01-31,stat_arb_cointegration,0.0,0.0,0.0,0.9823726725088594,0.9782263028275332
1962-02-28,stat_arb_cointegration,0.0,0.0,0.0,0.9823726725088594,0.9782263028275332
1962-03-31,stat_arb_cointegration,0.0,0.0,0.0,0.9823726725088594,0.9782263028275332
1962-04-30,stat_arb_cointegration,0.0,0.0,0.0,0.9823726725088594,0.9782263028275332
1962-05-31,stat_arb_cointegration,0.0,0.0,0.0,0.9823726725088594,0.9782263028275332
1962-06-30,stat_arb_cointegration,0.0,0.0,0.0,0.9823726725088594,0.9782263028275332
1962-07-31,stat_arb_cointegration,0.0,0.0,0.0,0.9823726725088594,0.9782263028275332
1962-08-31,stat_arb_cointegration,0.0,0.0,0.0,0.9823726725088594,0.9782263028275332
1962-09-30,stat_arb_cointegration,0.0,0.0,0.0,0.9823726725088594,0.9782263028275332
1962-10-31,stat_arb_cointegration,0.0,0.0,0.0,0.9823726725088594,0.9782263028275332
1962-11-30,stat_arb_cointegration,0.0,0.0,0.0,0.9823726725088594,0.9782263028275332
1962-12-31,stat_arb_cointegration,0.0,0.0,0.0,0.9823726725088594,0.9782263028275332
1963-01-31,stat_arb_cointegration,0.0,0.0,0.0,0.9823726725088594,0.9782263028275332
1963-02-28,stat_arb_cointegration,0.0,0.0,0.0,0.9823726725088594,0.9782263028275332
1963-03-31,stat_arb_cointegration,0.0,0.0,0.0,0.9823726725088594,0.9782263028275332
1963-04-30,stat_arb_cointegration,0.0,0.0,0.0,0.9823726725088594,0.9782263028275332
1963-05-31,stat_arb_cointegration,0.0,0.0,0.0,0.9823726725088594,0.9782263028275332
1963-06-30,stat_arb_cointegration,0.0,0.0,0.0,0.9823726725088594,0.9782263028275332
1963-07-31,stat_arb_cointegration,0.0,0.0,0.0,0.9823726725088594,0.9782263028275332
1963-08-31,stat_arb_cointegration,0.0,0.0,0.0,0.9823726725088594,0.9782263028275332
1963-09-30,stat_arb_cointegration,0.0,0.0,0.0,0.9823726725088594,0.9782263028275332
1963-10-31,stat_arb_cointegration,0.0,0.0,0.0,0.9823726725088594,0.9782263028275332
1963-11-30,stat_arb_cointegration,0.0,0.0,0.0,0.9823726725088594,0.9782263028275332
1963-12-31,stat_arb_cointegration,0.0,0.0,0.0,0.9823726725088594,0.9782263028275332
1964-01-31,stat_arb_cointegration,0.0,0.0,0.0,0.9823726725088594,0.9782263028275332
1964-02-29,stat_arb_cointegration,0.0,0.0,0.0,0.9823726725088594,0.9782263028275332
1964-03-31,stat_arb_cointegration,0.0,0.0,0.0,0.9823726725088594,0.9782263028275332
1964-04-30,stat_arb_cointegration,0.0,0.0,0.0,0.9823726725088594,0.9782263028275332
1964-05-31,stat_arb_cointegration,0.0,0.0,0.0,0.9823726725088594,0.9782263028275332
1964-06-30,stat_arb_cointegration,0.0,0.0,0.0,0.9823726725088594,0.9782263028275332
1964-07-31,stat_arb_cointegration,0.0,0.0,0.0,0.9823726725088594,0.9782263028275332
1964-08-31,stat_arb_cointegration,0.0,0.0,0.0,0.9823726725088594,0.9782263028275332
1964-09-30,stat_arb_cointegration,0.0,0.0,0.0,0.9823726725088594,0.9782263028275332
1964-10-31,stat_arb_cointegration,0.0,0.0,0.0,0.9823726725088594,0.9782263028275332
1964-11-30,stat_arb_cointegration,0.0,0.0,0.0,0.9823726725088594,0.9782263028275332
1964-12-31,stat_arb_cointegration,0.0,0.0,0.0,0.9823726725088594,0.9782263028275332
1965-01-31,stat_arb_cointegration,0.0,0.0,0.0,0.9823726725088594,0.9782263028275332
1965-02-28,stat_arb_cointegration,0.0,0.0,0.0,0.9823726725088594,0.9782263028275332
1965-03-31,stat_arb_cointegration,0.0,0.0,0.0,0.9823726725088594,0.9782263028275332
1965-04-30,stat_arb_cointegration,0.0,0.0,0.0,0.9823726725088594,0.9782263028275332
1965-05-31,stat_arb_cointegration,0.0,0.0,0.0,0.9823726725088594,0.9782263028275332
1965-06-30,stat_arb_cointegration,0.0,0.0,0.0,0.9823726725088594,0.9782263028275332
1965-07-31,stat_arb_cointegration,0.0,0.0,0.0,0.9823726725088594,0.9782263028275332
1965-08-31,stat_arb_cointegration,0.0,0.0,0.0,0.9823726725088594,0.9782263028275332
1965-09-30,stat_arb_cointegration,0.0,0.0,0.0,0.9823726725088594,0.9782263028275332
1965-10-31,stat_arb_cointegration,0.0,0.0,0.0,0.9823726725088594,0.9782263028275332
1965-11-30,stat_arb_cointegration,0.0,0.0,0.0,0.9823726725088594,0.9782263028275332
1965-12-31,stat_arb_cointegration,0.0,0.0,0.0,0.9823726725088594,0.9782263028275332
1966-01-31,stat_arb_cointegration,0.0,0.0,0.0,0.9823726725088594,0.9782263028275332
1966-02-28,stat_arb_cointegration,0.0,0.0,0.0,0.9823726725088594,0.9782263028275332
1966-03-31,stat_arb_cointegration,0.0,0.0,0.0,0.9823726725088594,0.9782263028275332
1966-04-30,stat_arb_cointegration,0.0,0.0,0.0,0.9823726725088594,0.9782263028275332
1966-05-31,stat_arb_cointegration,0.0,0.0,0.0,0.9823726725088594,0.9782263028275332
1966-06-30,stat_arb_cointegration,0.0,0.0,0.0,0.9823726725088594,0.9782263028275332
1966-07-31,stat_arb_cointegration,0.0,0.0,0.0,0.9823726725088594,0.9782263028275332
1966-08-31,stat_arb_cointegration,0.0,0.0,0.0,0.9823726725088594,0.9782263028275332
1966-09-30,stat_arb_cointegration,0.0,0.0,0.0,0.9823726725088594,0.9782263028275332
1966-10-31,stat_arb_cointegration,0.0,0.0,0.0,0.9823726725088594,0.9782263028275332
1966-11-30,stat_arb_cointegration,0.0,0.0,0.0,0.9823726725088594,0.9782263028275332
1966-12-31,stat_arb_cointegration,0.0,0.0,0.0,0.9823726725088594,0.9782263028275332
1967-01-31,stat_arb_cointegration,0.0,0.0,0.0,0.9823726725088594,0.9782263028275332
1967-02-28,stat_arb_cointegration,0.0,0.0,0.0,0.9823726725088594,0.9782263028275332
1967-03-31,stat_arb_cointegration,0.0,0.0,0.0,0.9823726725088594,0.9782263028275332
1967-04-30,stat_arb_cointegration,0.0,0.0,0.0,0.9823726725088594,0.9782263028275332
1967-05-31,stat_arb_cointegration,0.0,0.0,0.0,0.9823726725088594,0.9782263028275332
1967-06-30,stat_arb_cointegration,0.0,0.0,0.0,0.9823726725088594,0.9782263028275332
1967-07-31,stat_arb_cointegration,0.0,0.0,0.0,0.9823726725088594,0.9782263028275332
1967-08-31,stat_arb_cointegration,0.0,0.0,0.0,0.9823726725088594,0.9782263028275332
1967-09-30,stat_arb_cointegration,0.0,0.0,0.0,0.9823726725088594,0.9782263028275332
1967-10-31,stat_arb_cointegration,0.0,0.0,0.0,0.9823726725088594,0.9782263028275332
1967-11-30,stat_arb_cointegration,0.0,0.0,0.0,0.9823726725088594,0.9782263028275332
1967-12-31,stat_arb_cointegration,0.0,0.0,0.0,0.9823726725088594,0.9782263028275332
1968-01-31,stat_arb_cointegration,0.0,0.0,0.0,0.9823726725088594,0.9782263028275332
1968-02-29,stat_arb_cointegration,0.0,0.0,0.0,0.9823726725088594,0.9782263028275332
1968-03-31,stat_arb_cointegration,0.0,0.0,0.0,0.9823726725088594,0.9782263028275332
1968-04-30,stat_arb_cointegration,0.0,0.0,0.0,0.9823726725088594,0.9782263028275332
1968-05-31,stat_arb_cointegration,0.0,0.0,0.0,0.9823726725088594,0.9782263028275332
1968-06-30,stat_arb_cointegration,0.0,0.0,0.0,0.9823726725088594,0.9782263028275332
1968-07-31,stat_arb_cointegration,0.0,0.0,0.0,0.9823726725088594,0.9782263028275332
1968-08-31,stat_arb_cointegration,0.0,0.0,0.0,0.9823726725088594,0.9782263028275332
1968-09-30,stat_arb_cointegration,0.0,0.0,0.0,0.9823726725088594,0.9782263028275332
1968-10-31,stat_arb_cointegration,0.0,0.0,0.0,0.9823726725088594,0.9782263028275332
1968-11-30,stat_arb_cointegration,0.0,0.0,0.0,0.9823726725088594,0.9782263028275332
1968-12-31,stat_arb_cointegration,0.0,0.0,0.0,0.9823726725088594,0.9782263028275332
1969-01-31,stat_arb_cointegration,0.0,0.0,0.0,0.9823726725088594,0.9782263028275332
1969-02-28,stat_arb_cointegration,0.0,0.0,0.0,0.9823726725088594,0.9782263028275332
1969-03-31,stat_arb_cointegration,0.0,0.0,0.0,0.9823726725088594,0.9782263028275332
1969-04-30,stat_arb_cointegration,0.0,0.0,0.0,0.9823726725088594,0.9782263028275332
1969-05-31,stat_arb_cointegration,0.0,0.0,0.0,0.9823726725088594,0.9782263028275332
1969-06-30,stat_arb_cointegration,0.0,0.0,0.0,0.9823726725088594,0.9782263028275332
1969-07-31,stat_arb_cointegration,0.0,0.0,0.0,0.9823726725088594,0.9782263028275332
1969-08-31,stat_arb_cointegration,0.0,0.0,0.0,0.9823726725088594,0.9782263028275332
1969-09-30,stat_arb_cointegration,0.0,0.0,0.0,0.9823726725088594,0.9782263028275332
1969-10-31,stat_arb_cointegration,0.0,0.0,0.0,0.9823726725088594,0.9782263028275332
1969-11-30,stat_arb_cointegration,0.0,0.0,0.0,0.9823726725088594,0.9782263028275332
1969-12-31,stat_arb_cointegration,0.0,0.0,0.0,0.9823726725088594,0.9782263028275332
1970-01-31,stat_arb_cointegration,0.0,0.0,0.0,0.9823726725088594,0.9782263028275332
1970-02-28,stat_arb_cointegration,0.0,0.0,0.0,0.9823726725088594,0.9782263028275332
1970-03-31,stat_arb_cointegration,0.0,0.0,0.0,0.9823726725088594,0.9782263028275332
1970-04-30,stat_arb_cointegration,0.0,0.0,0.0,0.9823726725088594,0.9782263028275332
1970-05-31,stat_arb_cointegration,0.0,0.0,0.0,0.9823726725088594,0.9782263028275332
1970-06-30,stat_arb_cointegration,0.0,0.0,0.0,0.9823726725088594,0.9782263028275332
1970-07-31,stat_arb_cointegration,0.0,0.0,0.0,0.9823726725088594,0.9782263028275332
1970-08-31,stat_arb_cointegration,0.0,0.0,0.0,0.9823726725088594,0.9782263028275332
1970-09-30,stat_arb_cointegration,0.0,0.0,0.0,0.9823726725088594,0.9782263028275332
1970-10-31,stat_arb_cointegration,0.0,0.0,0.0,0.9823726725088594,0.9782263028275332
1970-11-30,stat_arb_cointegration,0.0,0.0,0.0,0.9823726725088594,0.9782263028275332
1970-12-31,stat_arb_cointegration,0.0,0.0,0.0,0.9823726725088594,0.9782263028275332
1971-01-31,stat_arb_cointegration,0.0,0.0,0.0,0.9823726725088594,0.9782263028275332
1971-02-28,stat_arb_cointegration,0.0,0.0,0.0,0.9823726725088594,0.9782263028275332
1971-03-31,stat_arb_cointegration,0.0,0.0,0.0,0.9823726725088594,0.9782263028275332
1971-04-30,stat_arb_cointegration,0.0,0.0,0.0,0.9823726725088594,0.9782263028275332
1971-05-31,stat_arb_cointegration,0.0,0.0,0.0,0.9823726725088594,0.9782263028275332
1971-06-30,stat_arb_cointegration,0.0,0.0,0.0,0.9823726725088594,0.9782263028275332
1971-07-31,stat_arb_cointegration,0.0,0.0,0.0,0.9823726725088594,0.9782263028275332
1971-08-31,stat_arb_cointegration,0.0,0.0,0.0,0.9823726725088594,0.9782263028275332
1971-09-30,stat_arb_cointegration,0.0,0.0,0.0,0.9823726725088594,0.9782263028275332
1971-10-31,stat_arb_cointegration,0.0,0.0,0.0,0.9823726725088594,0.9782263028275332
1971-11-30,stat_arb_cointegration,0.0,0.0,0.0,0.9823726725088594,0.9782263028275332
1971-12-31,stat_arb_cointegration,0.0,0.0,0.0,0.9823726725088594,0.9782263028275332
1972-01-31,stat_arb_cointegration,0.0,0.0,0.0,0.9823726725088594,0.9782263028275332
1972-02-29,stat_arb_cointegration,0.0,0.0,0.0,0.9823726725088594,0.9782263028275332
1972-03-31,stat_arb_cointegration,0.0,0.0,0.0,0.9823726725088594,0.9782263028275332
1972-04-30,stat_arb_cointegration,0.0,0.0,0.0,0.9823726725088594,0.9782263028275332
1972-05-31,stat_arb_cointegration,0.0,0.0,0.0,0.9823726725088594,0.9782263028275332
1972-06-30,stat_arb_cointegration,0.0,0.0,0.0,0.9823726725088594,0.9782263028275332
1972-07-31,stat_arb_cointegration,0.0,0.0,0.0,0.9823726725088594,0.9782263028275332
1972-08-31,stat_arb_cointegration,0.0,0.0,0.0,0.9823726725088594,0.9782263028275332
1972-09-30,stat_arb_cointegration,0.0,0.0,0.0,0.9823726725088594,0.9782263028275332
1972-10-31,stat_arb_cointegration,0.0,0.0,0.0,0.9823726725088594,0.9782263028275332
1972-11-30,stat_arb_cointegration,0.0,0.0,0.0,0.9823726725088594,0.9782263028275332
1972-12-31,stat_arb_cointegration,0.0,0.0,0.0,0.9823726725088594,0.9782263028275332
1973-01-31,stat_arb_cointegration,0.0,0.0,0.0,0.9823726725088594,0.9782263028275332
1973-02-28,stat_arb_cointegration,0.0,0.0,0.0,0.9823726725088594,0.9782263028275332
1973-03-31,stat_arb_cointegration,0.0,0.0,0.0,0.9823726725088594,0.9782263028275332
1973-04-30,stat_arb_cointegration,0.0,0.0,0.0,0.9823726725088594,0.9782263028275332
1973-05-31,stat_arb_cointegration,0.0,0.0,0.0,0.9823726725088594,0.9782263028275332
1973-06-30,stat_arb_cointegration,0.0,0.0,0.0,0.9823726725088594,0.9782263028275332
1973-07-31,stat_arb_cointegration,0.0,0.0,0.0,0.9823726725088594,0.9782263028275332
1973-08-31,stat_arb_cointegration,0.0,0.0,0.0,0.9823726725088594,0.9782263028275332
1973-09-30,stat_arb_cointegration,0.0,0.0,0.0,0.9823726725088594,0.9782263028275332
1973-10-31,stat_arb_cointegration,0.0,0.0,0.0,0.9823726725088594,0.9782263028275332
1973-11-30,stat_arb_cointegration,0.0,0.0,0.0,0.9823726725088594,0.9782263028275332
1973-12-31,stat_arb_cointegration,0.0,0.0,0.0,0.9823726725088594,0.9782263028275332
1974-01-31,stat_arb_cointegration,0.0,0.0,0.0,0.9823726725088594,0.9782263028275332
1974-02-28,stat_arb_cointegration,0.0,0.0,0.0,0.9823726725088594,0.9782263028275332
1974-03-31,stat_arb_cointegration,0.0,0.0,0.0,0.9823726725088594,0.9782263028275332
1974-04-30,stat_arb_cointegration,0.0,0.0,0.0,0.9823726725088594,0.9782263028275332
1974-05-31,stat_arb_cointegration,0.0,0.0,0.0,0.9823726725088594,0.9782263028275332
1974-06-30,stat_arb_cointegration,0.0,0.0,0.0,0.9823726725088594,0.9782263028275332
1974-07-31,stat_arb_cointegration,0.0,0.0,0.0,0.9823726725088594,0.9782263028275332
1974-08-31,stat_arb_cointegration,0.0,0.0,0.0,0.9823726725088594,0.9782263028275332
1974-09-30,stat_arb_cointegration,0.0,0.0,0.0,0.9823726725088594,0.9782263028275332
1974-10-31,stat_arb_cointegration,0.0,0.0,0.0,0.9823726725088594,0.9782263028275332
1974-11-30,stat_arb_cointegration,0.0,0.0,0.0,0.9823726725088594,0.9782263028275332
1974-12-31,stat_arb_cointegration,0.0,0.0,0.0,0.9823726725088594,0.9782263028275332
1975-01-31,stat_arb_cointegration,0.0,0.0,0.0,0.9823726725088594,0.9782263028275332
1975-02-28,stat_arb_cointegration,0.0,0.0,0.0,0.9823726725088594,0.9782263028275332
1975-03-31,stat_arb_cointegration,0.0,0.0,0.0,0.9823726725088594,0.9782263028275332
1975-04-30,stat_arb_cointegration,0.0,0.0,0.0,0.9823726725088594,0.9782263028275332
1975-05-31,stat_arb_cointegration,0.0,0.0,0.0,0.9823726725088594,0.9782263028275332
1975-06-30,stat_arb_cointegration,0.0,0.0,0.0,0.9823726725088594,0.9782263028275332
1975-07-31,stat_arb_cointegration,0.0,0.0,0.0,0.9823726725088594,0.9782263028275332
1975-08-31,stat_arb_cointegration,0.0,0.0,0.0,0.9823726725088594,0.9782263028275332
1975-09-30,stat_arb_cointegration,0.0,0.0,0.0,0.9823726725088594,0.9782263028275332
1975-10-31,stat_arb_cointegration,0.0,0.0,0.0,0.9823726725088594,0.9782263028275332
1975-11-30,stat_arb_cointegration,0.0,0.0,0.0,0.9823726725088594,0.9782263028275332
1975-12-31,stat_arb_cointegration,0.0,0.0,0.0,0.9823726725088594,0.9782263028275332
1976-01-31,stat_arb_cointegration,0.0,0.0,0.0,0.9823726725088594,0.9782263028275332
1976-02-29,stat_arb_cointegration,0.0,0.0,0.0,0.9823726725088594,0.9782263028275332
1976-03-31,stat_arb_cointegration,0.0,0.0,0.0,0.9823726725088594,0.9782263028275332
1976-04-30,stat_arb_cointegration,0.0,0.0,0.0,0.9823726725088594,0.9782263028275332
1976-05-31,stat_arb_cointegration,0.0,0.0,0.0,0.9823726725088594,0.9782263028275332
1976-06-30,stat_arb_cointegration,0.0,0.0,0.0,0.9823726725088594,0.9782263028275332
1976-07-31,stat_arb_cointegration,0.0,0.0,0.0,0.9823726725088594,0.9782263028275332
1976-08-31,stat_arb_cointegration,0.0,0.0,0.0,0.9823726725088594,0.9782263028275332
1976-09-30,stat_arb_cointegration,0.0,0.0,0.0,0.9823726725088594,0.9782263028275332
1976-10-31,stat_arb_cointegration,0.0,0.0,0.0,0.9823726725088594,0.9782263028275332
1976-11-30,stat_arb_cointegration,0.0,0.0,0.0,0.9823726725088594,0.9782263028275332
1976-12-31,stat_arb_cointegration,0.0,0.0,0.0,0.9823726725088594,0.9782263028275332
1977-01-31,stat_arb_cointegration,0.0,0.0,0.0,0.9823726725088594,0.9782263028275332
1977-02-28,stat_arb_cointegration,0.0,0.0,0.0,0.9823726725088594,0.9782263028275332
1977-03-31,stat_arb_cointegration,0.0,0.0,0.0,0.9823726725088594,0.9782263028275332
1977-04-30,stat_arb_cointegration,0.0,0.0,0.0,0.9823726725088594,0.9782263028275332
1977-05-31,stat_arb_cointegration,0.0,0.0,0.0,0.9823726725088594,0.9782263028275332
1977-06-30,stat_arb_cointegration,0.0,0.0,0.0,0.9823726725088594,0.9782263028275332
1977-07-31,stat_arb_cointegration,0.0,0.0,0.0,0.9823726725088594,0.9782263028275332
1977-08-31,stat_arb_cointegration,0.0,0.0,0.0,0.9823726725088594,0.9782263028275332
1977-09-30,stat_arb_cointegration,0.0,0.0,0.0,0.9823726725088594,0.9782263028275332
1977-10-31,stat_arb_cointegration,0.0,0.0,0.0,0.9823726725088594,0.9782263028275332
1977-11-30,stat_arb_cointegration,0.0,0.0,0.0,0.9823726725088594,0.9782263028275332
1977-12-31,stat_arb_cointegration,0.0,0.0,0.0,0.9823726725088594,0.9782263028275332
1978-01-31,stat_arb_cointegration,0.0,0.0,0.0,0.9823726725088594,0.9782263028275332
1978-02-28,stat_arb_cointegration,0.0,0.0,0.0,0.9823726725088594,0.9782263028275332
1978-03-31,stat_arb_cointegration,0.0,0.0,0.0,0.9823726725088594,0.9782263028275332
1978-04-30,stat_arb_cointegration,0.0,0.0,0.0,0.9823726725088594,0.9782263028275332
1978-05-31,stat_arb_cointegration,0.0,0.0,0.0,0.9823726725088594,0.9782263028275332
1978-06-30,stat_arb_cointegration,0.0,0.0,0.0,0.9823726725088594,0.9782263028275332
1978-07-31,stat_arb_cointegration,0.0,0.0,0.0,0.9823726725088594,0.9782263028275332
1978-08-31,stat_arb_cointegration,0.0,0.0,0.0,0.9823726725088594,0.9782263028275332
1978-09-30,stat_arb_cointegration,0.0,0.0,0.0,0.9823726725088594,0.9782263028275332
1978-10-31,stat_arb_cointegration,0.0,0.0,0.0,0.9823726725088594,0.9782263028275332
1978-11-30,stat_arb_cointegration,0.0065179756651553775,0.006017975665155378,0.49999999999999994,0.9887757536823859,0.9841132449129641
1978-12-31,stat_arb_cointegration,0.0007449633735773092,0.0007373762307988039,0.007587142778505337,0.9895123554035605,0.9848389066281772
1979-01-31,stat_arb_cointegration,0.0033789291834542268,0.0033753956286274966,0.0035335548267303473,0.9928558475786222,0.9881631275685123
1979-02-28,stat_arb_cointegration,-0.003157012818206061,-0.003160046968461337,0.0030341502552757547,0.9897213889411857,0.9850404856728943
1979-03-31,stat_arb_cointegration,0.007932990441595376,0.007930284031701216,0.0027064098941601247,0.9975728392594987,0.9928521365070053
1979-04-30,stat_arb_cointegration,0.0,-0.0005,0.5,0.9975728392594987,0.9923557104387519
1979-05-31,stat_arb_cointegration,0.0,0.0,0.0,0.9975728392594987,0.9923557104387519
1979-06-30,stat_arb_cointegration,0.0,0.0,0.0,0.9975728392594987,0.9923557104387519
1979-07-31,stat_arb_cointegration,0.0,0.0,0.0,0.9975728392594987,0.9923557104387519
1979-08-31,stat_arb_cointegration,0.0,0.0,0.0,0.9975728392594987,0.9923557104387519
1979-09-30,stat_arb_cointegration,0.0,0.0,0.0,0.9975728392594987,0.9923557104387519
1979-10-31,stat_arb_cointegration,0.0,0.0,0.0,0.9975728392594987,0.9923557104387519
1979-11-30,stat_arb_cointegration,0.0,0.0,0.0,0.9975728392594987,0.9923557104387519
1979-12-31,stat_arb_cointegration,0.0,0.0,0.0,0.9975728392594987,0.9923557104387519
1980-01-31,stat_arb_cointegration,0.0,0.0,0.0,0.9975728392594987,0.9923557104387519
1980-02-29,stat_arb_cointegration,0.0,0.0,0.0,0.9975728392594987,0.9923557104387519
1980-03-31,stat_arb_cointegration,0.0,0.0,0.0,0.9975728392594987,0.9923557104387519
1980-04-30,stat_arb_cointegration,0.0,0.0,0.0,0.9975728392594987,0.9923557104387519
1980-05-31,stat_arb_cointegration,0.0,0.0,0.0,0.9975728392594987,0.9923557104387519
1980-06-30,stat_arb_cointegration,0.0,0.0,0.0,0.9975728392594987,0.9923557104387519
1980-07-31,stat_arb_cointegration,0.0,0.0,0.0,0.9975728392594987,0.9923557104387519
1980-08-31,stat_arb_cointegration,0.0,0.0,0.0,0.9975728392594987,0.9923557104387519
1980-09-30,stat_arb_cointegration,0.0,0.0,0.0,0.9975728392594987,0.9923557104387519
1980-10-31,stat_arb_cointegration,0.0,0.0,0.0,0.9975728392594987,0.9923557104387519
1980-11-30,stat_arb_cointegration,0.0,0.0,0.0,0.9975728392594987,0.9923557104387519
1980-12-31,stat_arb_cointegration,0.0,0.0,0.0,0.9975728392594987,0.9923557104387519
1981-01-31,stat_arb_cointegration,0.0,0.0,0.0,0.9975728392594987,0.9923557104387519
1981-02-28,stat_arb_cointegration,0.0,0.0,0.0,0.9975728392594987,0.9923557104387519
1981-03-31,stat_arb_cointegration,0.0,0.0,0.0,0.9975728392594987,0.9923557104387519
1981-04-30,stat_arb_cointegration,0.0,0.0,0.0,0.9975728392594987,0.9923557104387519
1981-05-31,stat_arb_cointegration,0.0,0.0,0.0,0.9975728392594987,0.9923557104387519
1981-06-30,stat_arb_cointegration,0.0,0.0,0.0,0.9975728392594987,0.9923557104387519
1981-07-31,stat_arb_cointegration,0.0,0.0,0.0,0.9975728392594987,0.9923557104387519
1981-08-31,stat_arb_cointegration,0.0,0.0,0.0,0.9975728392594987,0.9923557104387519
1981-09-30,stat_arb_cointegration,0.0,0.0,0.0,0.9975728392594987,0.9923557104387519
1981-10-31,stat_arb_cointegration,0.0,0.0,0.0,0.9975728392594987,0.9923557104387519
1981-11-30,stat_arb_cointegration,0.0,0.0,0.0,0.9975728392594987,0.9923557104387519
1981-12-31,stat_arb_cointegration,0.0,0.0,0.0,0.9975728392594987,0.9923557104387519
1982-01-31,stat_arb_cointegration,0.0,0.0,0.0,0.9975728392594987,0.9923557104387519
1982-02-28,stat_arb_cointegration,0.0,0.0,0.0,0.9975728392594987,0.9923557104387519
1982-03-31,stat_arb_cointegration,0.0,0.0,0.0,0.9975728392594987,0.9923557104387519
1982-04-30,stat_arb_cointegration,0.0,0.0,0.0,0.9975728392594987,0.9923557104387519
1982-05-31,stat_arb_cointegration,0.0,0.0,0.0,0.9975728392594987,0.9923557104387519
1982-06-30,stat_arb_cointegration,0.0,0.0,0.0,0.9975728392594987,0.9923557104387519
1982-07-31,stat_arb_cointegration,0.0,0.0,0.0,0.9975728392594987,0.9923557104387519
1982-08-31,stat_arb_cointegration,0.0,0.0,0.0,0.9975728392594987,0.9923557104387519
1982-09-30,stat_arb_cointegration,0.0,0.0,0.0,0.9975728392594987,0.9923557104387519
1982-10-31,stat_arb_cointegration,0.0,0.0,0.0,0.9975728392594987,0.9923557104387519
1982-11-30,stat_arb_cointegration,0.0,0.0,0.0,0.9975728392594987,0.9923557104387519
1982-12-31,stat_arb_cointegration,0.0,0.0,0.0,0.9975728392594987,0.9923557104387519
1983-01-31,stat_arb_cointegration,0.0,0.0,0.0,0.9975728392594987,0.9923557104387519
1983-02-28,stat_arb_cointegration,0.0,0.0,0.0,0.9975728392594987,0.9923557104387519
1983-03-31,stat_arb_cointegration,0.0,0.0,0.0,0.9975728392594987,0.9923557104387519
1983-04-30,stat_arb_cointegration,0.0,0.0,0.0,0.9975728392594987,0.9923557104387519
1983-05-31,stat_arb_cointegration,0.0,0.0,0.0,0.9975728392594987,0.9923557104387519
1983-06-30,stat_arb_cointegration,0.0,0.0,0.0,0.9975728392594987,0.9923557104387519
1983-07-31,stat_arb_cointegration,0.0,0.0,0.0,0.9975728392594987,0.9923557104387519
1983-08-31,stat_arb_cointegration,0.0,0.0,0.0,0.9975728392594987,0.9923557104387519
1983-09-30,stat_arb_cointegration,0.0,0.0,0.0,0.9975728392594987,0.9923557104387519
1983-10-31,stat_arb_cointegration,0.0,0.0,0.0,0.9975728392594987,0.9923557104387519
1983-11-30,stat_arb_cointegration,0.0,0.0,0.0,0.9975728392594987,0.9923557104387519
1983-12-31,stat_arb_cointegration,0.0,0.0,0.0,0.9975728392594987,0.9923557104387519
1984-01-31,stat_arb_cointegration,0.0,0.0,0.0,0.9975728392594987,0.9923557104387519
1984-02-29,stat_arb_cointegration,0.0,0.0,0.0,0.9975728392594987,0.9923557104387519
1984-03-31,stat_arb_cointegration,0.0,0.0,0.0,0.9975728392594987,0.9923557104387519
1984-04-30,stat_arb_cointegration,0.0,0.0,0.0,0.9975728392594987,0.9923557104387519
1984-05-31,stat_arb_cointegration,0.0,0.0,0.0,0.9975728392594987,0.9923557104387519
1984-06-30,stat_arb_cointegration,0.0,0.0,0.0,0.9975728392594987,0.9923557104387519
1984-07-31,stat_arb_cointegration,0.0,0.0,0.0,0.9975728392594987,0.9923557104387519
1984-08-31,stat_arb_cointegration,0.0,0.0,0.0,0.9975728392594987,0.9923557104387519
1984-09-30,stat_arb_cointegration,0.0,0.0,0.0,0.9975728392594987,0.9923557104387519
1984-10-31,stat_arb_cointegration,0.0,0.0,0.0,0.9975728392594987,0.9923557104387519
1984-11-30,stat_arb_cointegration,0.0,0.0,0.0,0.9975728392594987,0.9923557104387519
1984-12-31,stat_arb_cointegration,0.0,0.0,0.0,0.9975728392594987,0.9923557104387519
1985-01-31,stat_arb_cointegration,0.0,0.0,0.0,0.9975728392594987,0.9923557104387519
1985-02-28,stat_arb_cointegration,0.0,0.0,0.0,0.9975728392594987,0.9923557104387519
1985-03-31,stat_arb_cointegration,0.0,0.0,0.0,0.9975728392594987,0.9923557104387519
1985-04-30,stat_arb_cointegration,0.0,0.0,0.0,0.9975728392594987,0.9923557104387519
1985-05-31,stat_arb_cointegration,0.0,0.0,0.0,0.9975728392594987,0.9923557104387519
1985-06-30,stat_arb_cointegration,0.0,0.0,0.0,0.9975728392594987,0.9923557104387519
1985-07-31,stat_arb_cointegration,0.0,0.0,0.0,0.9975728392594987,0.9923557104387519
1985-08-31,stat_arb_cointegration,0.0,0.0,0.0,0.9975728392594987,0.9923557104387519
1985-09-30,stat_arb_cointegration,0.0,0.0,0.0,0.9975728392594987,0.9923557104387519
1985-10-31,stat_arb_cointegration,0.0,0.0,0.0,0.9975728392594987,0.9923557104387519
1985-11-30,stat_arb_cointegration,0.0,0.0,0.0,0.9975728392594987,0.9923557104387519
1985-12-31,stat_arb_cointegration,0.0,0.0,0.0,0.9975728392594987,0.9923557104387519
1986-01-31,stat_arb_cointegration,0.0,0.0,0.0,0.9975728392594987,0.9923557104387519
1986-02-28,stat_arb_cointegration,0.0,0.0,0.0,0.9975728392594987,0.9923557104387519
1986-03-31,stat_arb_cointegration,0.0,0.0,0.0,0.9975728392594987,0.9923557104387519
1986-04-30,stat_arb_cointegration,0.0,0.0,0.0,0.9975728392594987,0.9923557104387519
1986-05-31,stat_arb_cointegration,0.0,0.0,0.0,0.9975728392594987,0.9923557104387519
1986-06-30,stat_arb_cointegration,0.0,0.0,0.0,0.9975728392594987,0.9923557104387519
1986-07-31,stat_arb_cointegration,0.0,0.0,0.0,0.9975728392594987,0.9923557104387519
1986-08-31,stat_arb_cointegration,0.0,0.0,0.0,0.9975728392594987,0.9923557104387519
1986-09-30,stat_arb_cointegration,0.0,0.0,0.0,0.9975728392594987,0.9923557104387519
1986-10-31,stat_arb_cointegration,0.0,0.0,0.0,0.9975728392594987,0.9923557104387519
1986-11-30,stat_arb_cointegration,0.0,0.0,0.0,0.9975728392594987,0.9923557104387519
1986-12-31,stat_arb_cointegration,0.0,0.0,0.0,0.9975728392594987,0.9923557104387519
1987-01-31,stat_arb_cointegration,0.0,0.0,0.0,0.9975728392594987,0.9923557104387519
1987-02-28,stat_arb_cointegration,0.0,0.0,0.0,0.9975728392594987,0.9923557104387519
1987-03-31,stat_arb_cointegration,0.0,0.0,0.0,0.9975728392594987,0.9923557104387519
1987-04-30,stat_arb_cointegration,0.0,0.0,0.0,0.9975728392594987,0.9923557104387519
1987-05-31,stat_arb_cointegration,0.0,0.0,0.0,0.9975728392594987,0.9923557104387519
1987-06-30,stat_arb_cointegration,0.0,0.0,0.0,0.9975728392594987,0.9923557104387519
1987-07-31,stat_arb_cointegration,0.0,0.0,0.0,0.9975728392594987,0.9923557104387519
1987-08-31,stat_arb_cointegration,0.0,0.0,0.0,0.9975728392594987,0.9923557104387519
1987-09-30,stat_arb_cointegration,0.0,0.0,0.0,0.9975728392594987,0.9923557104387519
1987-10-31,stat_arb_cointegration,0.0,0.0,0.0,0.9975728392594987,0.9923557104387519
1987-11-30,stat_arb_cointegration,0.0,0.0,0.0,0.9975728392594987,0.9923557104387519
1987-12-31,stat_arb_cointegration,0.0,0.0,0.0,0.9975728392594987,0.9923557104387519
1988-01-31,stat_arb_cointegration,0.0,0.0,0.0,0.9975728392594987,0.9923557104387519
1988-02-29,stat_arb_cointegration,0.0,0.0,0.0,0.9975728392594987,0.9923557104387519
1988-03-31,stat_arb_cointegration,0.0,0.0,0.0,0.9975728392594987,0.9923557104387519
1988-04-30,stat_arb_cointegration,0.0,0.0,0.0,0.9975728392594987,0.9923557104387519
1988-05-31,stat_arb_cointegration,0.0,0.0,0.0,0.9975728392594987,0.9923557104387519
1988-06-30,stat_arb_cointegration,0.0,0.0,0.0,0.9975728392594987,0.9923557104387519
1988-07-31,stat_arb_cointegration,0.0,0.0,0.0,0.9975728392594987,0.9923557104387519
1988-08-31,stat_arb_cointegration,0.0,0.0,0.0,0.9975728392594987,0.9923557104387519
1988-09-30,stat_arb_cointegration,0.0,0.0,0.0,0.9975728392594987,0.9923557104387519
1988-10-31,stat_arb_cointegration,0.0,0.0,0.0,0.9975728392594987,0.9923557104387519
1988-11-30,stat_arb_cointegration,0.0,0.0,0.0,0.9975728392594987,0.9923557104387519
1988-12-31,stat_arb_cointegration,0.0,0.0,0.0,0.9975728392594987,0.9923557104387519
1989-01-31,stat_arb_cointegration,0.0,0.0,0.0,0.9975728392594987,0.9923557104387519
1989-02-28,stat_arb_cointegration,0.0,0.0,0.0,0.9975728392594987,0.9923557104387519
1989-03-31,stat_arb_cointegration,0.0,0.0,0.0,0.9975728392594987,0.9923557104387519
1989-04-30,stat_arb_cointegration,0.0,0.0,0.0,0.9975728392594987,0.9923557104387519
1989-05-31,stat_arb_cointegration,0.0,0.0,0.0,0.9975728392594987,0.9923557104387519
1989-06-30,stat_arb_cointegration,0.0,0.0,0.0,0.9975728392594987,0.9923557104387519
1989-07-31,stat_arb_cointegration,0.0,0.0,0.0,0.9975728392594987,0.9923557104387519
1989-08-31,stat_arb_cointegration,0.0,0.0,0.0,0.9975728392594987,0.9923557104387519
1989-09-30,stat_arb_cointegration,0.0,0.0,0.0,0.9975728392594987,0.9923557104387519
1989-10-31,stat_arb_cointegration,0.0,0.0,0.0,0.9975728392594987,0.9923557104387519
1989-11-30,stat_arb_cointegration,0.0,0.0,0.0,0.9975728392594987,0.9923557104387519
1989-12-31,stat_arb_cointegration,0.0,0.0,0.0,0.9975728392594987,0.9923557104387519
1990-01-31,stat_arb_cointegration,0.0,0.0,0.0,0.9975728392594987,0.9923557104387519
1990-02-28,stat_arb_cointegration,0.0,0.0,0.0,0.9975728392594987,0.9923557104387519
1990-03-31,stat_arb_cointegration,0.0,0.0,0.0,0.9975728392594987,0.9923557104387519
1990-04-30,stat_arb_cointegration,0.0,0.0,0.0,0.9975728392594987,0.9923557104387519
1990-05-31,stat_arb_cointegration,0.0,0.0,0.0,0.9975728392594987,0.9923557104387519
1990-06-30,stat_arb_cointegration,0.0,0.0,0.0,0.9975728392594987,0.9923557104387519
1990-07-31,stat_arb_cointegration,0.0,0.0,0.0,0.9975728392594987,0.9923557104387519
1990-08-31,stat_arb_cointegration,0.0,0.0,0.0,0.9975728392594987,0.9923557104387519
1990-09-30,stat_arb_cointegration,0.0,0.0,0.0,0.9975728392594987,0.9923557104387519
1990-10-31,stat_arb_cointegration,0.0002877401566601899,-0.00021225984333981,0.49999999999999994,0.997859881024547,0.9921450731711168
1990-11-30,stat_arb_cointegration,-0.0011967226597680066,-0.0012079232866296769,0.011200626861670344,0.9966657194936516,0.9909466380335185
1990-12-31,stat_arb_cointegration,2.91798285348404e-05,2.537690591364781e-05,0.003802922621192587,0.9966948020284528,0.9909717851931173
1991-01-31,stat_arb_cointegration,0.0034640494313784263,0.0034616744189253142,0.0023750124531120263,1.0001474020906773,0.9944022068717971
1991-02-28,stat_arb_cointegration,0.005185224841345412,0.005179290315016088,0.005934526329323574,1.0053333912450049,0.9995525045910788
1991-03-31,stat_arb_cointegration,0.0,-0.0005,0.5,1.0053333912450049,0.9990527283387833
1991-04-30,stat_arb_cointegration,0.0,0.0,0.0,1.0053333912450049,0.9990527283387833
1991-05-31,stat_arb_cointegration,0.0,0.0,0.0,1.0053333912450049,0.9990527283387833
1991-06-30,stat_arb_cointegration,0.0,0.0,0.0,1.0053333912450049,0.9990527283387833
1991-07-31,stat_arb_cointegration,0.0,0.0,0.0,1.0053333912450049,0.9990527283387833
1991-08-31,stat_arb_cointegration,0.0,0.0,0.0,1.0053333912450049,0.9990527283387833
1991-09-30,stat_arb_cointegration,0.0,0.0,0.0,1.0053333912450049,0.9990527283387833
1991-10-31,stat_arb_cointegration,0.0,0.0,0.0,1.0053333912450049,0.9990527283387833
1991-11-30,stat_arb_cointegration,0.0,0.0,0.0,1.0053333912450049,0.9990527283387833
1991-12-31,stat_arb_cointegration,0.0,0.0,0.0,1.0053333912450049,0.9990527283387833
1992-01-31,stat_arb_cointegration,0.0,0.0,0.0,1.0053333912450049,0.9990527283387833
1992-02-29,stat_arb_cointegration,-0.009652931419987106,-0.010152931419987106,0.4999999999999999,0.9956289769650938,0.9889094145030087
1992-03-31,stat_arb_cointegration,0.004469232884453741,0.004458678561706733,0.010554322747008236,1.0000786747296613,0.9933186437089232
1992-04-30,stat_arb_cointegration,0.004141161061047432,0.004136099063681618,0.005061997365813839,1.0042201615954356,0.9974271080211051
1992-05-31,stat_arb_cointegration,-0.00259143972979377,-0.002601485287686628,0.010045557892857899,1.0016177855712172,0.9948323160740483
1992-06-30,stat_arb_cointegration,0.002202828911392722,0.0021996013792575236,0.0032275321351986795,1.0038241781874386,0.9970205506086148
1992-07-31,stat_arb_cointegration,-0.002195078132099239,-0.002296328948013339,0.10125081591410004,1.001620705685427,0.9947310634564881
1992-08-31,stat_arb_cointegration,0.0016743430237191456,0.0016719597821533323,0.002383241565813231,1.0032977623264039,0.9963942137886459
1992-09-30,stat_arb_cointegration,0.002302352778979438,0.002298159737487015,0.004193041492422861,1.00560770771764,0.9986840868534399
1992-10-31,stat_arb_cointegration,-0.003547752094719546,-0.0035500964258745387,0.002344331154992718,1.0020400608661186,0.9951386620461237
1992-11-30,stat_arb_cointegration,-0.004319282775138173,-0.0043226564161623175,0.003373641024144655,0.9977119664912212,0.9908370195236588
1992-12-31,stat_arb_cointegration,-0.0005591158572885186,-0.0005647057981583239,0.005589940869805316,0.9971541299097494,0.9902774881137038
1993-01-31,stat_arb_cointegration,0.0016336743081033223,0.0016281284053960786,0.005545902707243679,0.9987831549930021,0.9918897870213259
1993-02-28,stat_arb_cointegration,0.009018538081387983,0.009008349360632283,0.010188720755699921,1.0077907189113553,1.0008250767500573
1993-03-31,stat_arb_cointegration,3.815986257646106e-05,3.0090488953040144e-05,0.008069373623420917,1.0078291760666949,1.0008551920659732
1993-04-30,stat_arb_cointegration,0.006568135543282818,0.006565892627919787,0.002242915363031818,1.0144487346995759,1.0074266997931742
1993-05-31,stat_arb_cointegration,0.0,-0.0005000000000000001,0.5000000000000001,1.0144487346995759,1.0069229864432776
1993-06-30,stat_arb_cointegration,0.0,0.0,0.0,1.0144487346995759,1.0069229864432776
1993-07-31,stat_arb_cointegration,0.0,0.0,0.0,1.0144487346995759,1.0069229864432776
1993-08-31,stat_arb_cointegration,0.0,0.0,0.0,1.0144487346995759,1.0069229864432776
1993-09-30,stat_arb_cointegration,0.0,0.0,0.0,1.0144487346995759,1.0069229864432776
1993-10-31,stat_arb_cointegration,0.0,0.0,0.0,1.0144487346995759,1.0069229864432776
1993-11-30,stat_arb_cointegration,0.0,0.0,0.0,1.0144487346995759,1.0069229864432776
1993-12-31,stat_arb_cointegration,0.0,0.0,0.0,1.0144487346995759,1.0069229864432776
1994-01-31,stat_arb_cointegration,0.0,0.0,0.0,1.0144487346995759,1.0069229864432776
1994-02-28,stat_arb_cointegration,0.0,0.0,0.0,1.0144487346995759,1.0069229864432776
1994-03-31,stat_arb_cointegration,0.0,0.0,0.0,1.0144487346995759,1.0069229864432776
1994-04-30,stat_arb_cointegration,0.0,0.0,0.0,1.0144487346995759,1.0069229864432776
1994-05-31,stat_arb_cointegration,0.0,0.0,0.0,1.0144487346995759,1.0069229864432776
1994-06-30,stat_arb_cointegration,0.0,0.0,0.0,1.0144487346995759,1.0069229864432776
1994-07-31,stat_arb_cointegration,0.0,0.0,0.0,1.0144487346995759,1.0069229864432776
1994-08-31,stat_arb_cointegration,0.0,0.0,0.0,1.0144487346995759,1.0069229864432776
1994-09-30,stat_arb_cointegration,0.0,0.0,0.0,1.0144487346995759,1.0069229864432776
1994-10-31,stat_arb_cointegration,0.0,0.0,0.0,1.0144487346995759,1.0069229864432776
1994-11-30,stat_arb_cointegration,0.0,0.0,0.0,1.0144487346995759,1.0069229864432776
1994-12-31,stat_arb_cointegration,0.0,0.0,0.0,1.0144487346995759,1.0069229864432776
1995-01-31,stat_arb_cointegration,0.0,0.0,0.0,1.0144487346995759,1.0069229864432776
1995-02-28,stat_arb_cointegration,0.0,0.0,0.0,1.0144487346995759,1.0069229864432776
1995-03-31,stat_arb_cointegration,0.0,0.0,0.0,1.0144487346995759,1.0069229864432776
1995-04-30,stat_arb_cointegration,0.0,0.0,0.0,1.0144487346995759,1.0069229864432776
1995-05-31,stat_arb_cointegration,0.0,0.0,0.0,1.0144487346995759,1.0069229864432776
1995-06-30,stat_arb_cointegration,0.0,0.0,0.0,1.0144487346995759,1.0069229864432776
1995-07-31,stat_arb_cointegration,0.0,0.0,0.0,1.0144487346995759,1.0069229864432776
1995-08-31,stat_arb_cointegration,0.0,0.0,0.0,1.0144487346995759,1.0069229864432776
1995-09-30,stat_arb_cointegration,-0.0030811783998355956,-0.0035811783998355956,0.4999999999999999,1.0113230371704791,1.003317015593929
1995-10-31,stat_arb_cointegration,-0.005028593781856229,-0.005032910283015363,0.004316501159134158,1.0062375044343157,0.9982674110690221
1995-11-30,stat_arb_cointegration,-0.00183031330342229,-0.0018386526108799556,0.008339307457665576,1.004395774543547,0.9964319440873036
1995-12-31,stat_arb_cointegration,0.002165028837954408,0.0021625819133202578,0.0024469246341500828,1.0065703203601535,0.9985868097874413
1996-01-31,stat_arb_cointegration,-0.0020864018623270838,-0.002088060420248782,0.001658557921698424,1.004470210169191,0.9965017001937416
1996-02-29,stat_arb_cointegration,-0.0033644796327584664,-0.003370290825822858,0.005811193064391665,1.001090690605364,0.9931431996556618
1996-03-31,stat_arb_cointegration,0.0026227803647950135,0.002619765637005341,0.00301472778967269,1.0037163316120628,0.9957450020827452
1996-04-30,stat_arb_cointegration,0.0018304663816734942,0.0018276490786024707,0.0028173030710235136,1.0055536006138153,0.9975648745183248
1996-05-31,stat_arb_cointegration,-0.005288325667141262,-0.00529737109188299,0.009045424741727773,1.000235905698003,0.9922804031897735
1996-06-30,stat_arb_cointegration,-0.0009046423808048727,-0.0009111065686435214,0.006464187838648841,0.9993310499069058,0.9913763299964911
1996-07-31,stat_arb_cointegration,0.0,-0.0005,0.5,0.9993310499069058,0.9908806418314928
1996-08-31,stat_arb_cointegration,0.0,0.0,0.0,0.9993310499069058,0.9908806418314928
1996-09-30,stat_arb_cointegration,0.0,0.0,0.0,0.9993310499069058,0.9908806418314928
1996-10-31,stat_arb_cointegration,0.0,0.0,0.0,0.9993310499069058,0.9908806418314928
1996-11-30,stat_arb_cointegration,0.0,0.0,0.0,0.9993310499069058,0.9908806418314928
1996-12-31,stat_arb_cointegration,0.0,0.0,0.0,0.9993310499069058,0.9908806418314928
1997-01-31,stat_arb_cointegration,0.0,0.0,0.0,0.9993310499069058,0.9908806418314928
1997-02-28,stat_arb_cointegration,0.0,0.0,0.0,0.9993310499069058,0.9908806418314928
1997-03-31,stat_arb_cointegration,0.0,0.0,0.0,0.9993310499069058,0.9908806418314928
1997-04-30,stat_arb_cointegration,0.0,0.0,0.0,0.9993310499069058,0.9908806418314928
1997-05-31,stat_arb_cointegration,0.0,0.0,0.0,0.9993310499069058,0.9908806418314928
1997-06-30,stat_arb_cointegration,0.0,0.0,0.0,0.9993310499069058,0.9908806418314928
1997-07-31,stat_arb_cointegration,0.0,0.0,0.0,0.9993310499069058,0.9908806418314928
1997-08-31,stat_arb_cointegration,0.0,0.0,0.0,0.9993310499069058,0.9908806418314928
1997-09-30,stat_arb_cointegration,0.0,0.0,0.0,0.9993310499069058,0.9908806418314928
1997-10-31,stat_arb_cointegration,0.0,0.0,0.0,0.9993310499069058,0.9908806418314928
1997-11-30,stat_arb_cointegration,0.0,0.0,0.0,0.9993310499069058,0.9908806418314928
1997-12-31,stat_arb_cointegration,0.0,0.0,0.0,0.9993310499069058,0.9908806418314928
1998-01-31,stat_arb_cointegration,0.0,0.0,0.0,0.9993310499069058,0.9908806418314928
1998-02-28,stat_arb_cointegration,0.0,0.0,0.0,0.9993310499069058,0.9908806418314928
1998-03-31,stat_arb_cointegration,0.0,0.0,0.0,0.9993310499069058,0.9908806418314928
1998-04-30,stat_arb_cointegration,0.0,0.0,0.0,0.9993310499069058,0.9908806418314928
1998-05-31,stat_arb_cointegration,0.0,0.0,0.0,0.9993310499069058,0.9908806418314928
1998-06-30,stat_arb_cointegration,0.0,0.0,0.0,0.9993310499069058,0.9908806418314928
1998-07-31,stat_arb_cointegration,0.0,0.0,0.0,0.9993310499069058,0.9908806418314928
1998-08-31,stat_arb_cointegration,0.0,0.0,0.0,0.9993310499069058,0.9908806418314928
1998-09-30,stat_arb_cointegration,0.0,0.0,0.0,0.9993310499069058,0.9908806418314928
1998-10-31,stat_arb_cointegration,0.0,0.0,0.0,0.9993310499069058,0.9908806418314928
1998-11-30,stat_arb_cointegration,0.0,0.0,0.0,0.9993310499069058,0.9908806418314928
1998-12-31,stat_arb_cointegration,0.0,0.0,0.0,0.9993310499069058,0.9908806418314928
1999-01-31,stat_arb_cointegration,0.0,0.0,0.0,0.9993310499069058,0.9908806418314928
1999-02-28,stat_arb_cointegration,0.0,0.0,0.0,0.9993310499069058,0.9908806418314928
1999-03-31,stat_arb_cointegration,0.0,0.0,0.0,0.9993310499069058,0.9908806418314928
1999-04-30,stat_arb_cointegration,0.0,0.0,0.0,0.9993310499069058,0.9908806418314928
1999-05-31,stat_arb_cointegration,0.0,0.0,0.0,0.9993310499069058,0.9908806418314928
1999-06-30,stat_arb_cointegration,0.0,0.0,0.0,0.9993310499069058,0.9908806418314928
1999-07-31,stat_arb_cointegration,0.0,0.0,0.0,0.9993310499069058,0.9908806418314928
1999-08-31,stat_arb_cointegration,0.0,0.0,0.0,0.9993310499069058,0.9908806418314928
1999-09-30,stat_arb_cointegration,0.0,0.0,0.0,0.9993310499069058,0.9908806418314928
1999-10-31,stat_arb_cointegration,0.0,0.0,0.0,0.9993310499069058,0.9908806418314928
1999-11-30,stat_arb_cointegration,0.0,0.0,0.0,0.9993310499069058,0.9908806418314928
1999-12-31,stat_arb_cointegration,0.0,0.0,0.0,0.9993310499069058,0.9908806418314928
2000-01-31,stat_arb_cointegration,0.0,0.0,0.0,0.9993310499069058,0.9908806418314928
2000-02-29,stat_arb_cointegration,0.0,0.0,0.0,0.9993310499069058,0.9908806418314928
2000-03-31,stat_arb_cointegration,0.0,0.0,0.0,0.9993310499069058,0.9908806418314928
2000-04-30,stat_arb_cointegration,0.0,0.0,0.0,0.9993310499069058,0.9908806418314928
2000-05-31,stat_arb_cointegration,0.0,0.0,0.0,0.9993310499069058,0.9908806418314928
2000-06-30,stat_arb_cointegration,0.0,0.0,0.0,0.9993310499069058,0.9908806418314928
2000-07-31,stat_arb_cointegration,0.0,0.0,0.0,0.9993310499069058,0.9908806418314928
2000-08-31,stat_arb_cointegration,0.0,0.0,0.0,0.9993310499069058,0.9908806418314928
2000-09-30,stat_arb_cointegration,0.0,0.0,0.0,0.9993310499069058,0.9908806418314928
2000-10-31,stat_arb_cointegration,0.0,0.0,0.0,0.9993310499069058,0.9908806418314928
2000-11-30,stat_arb_cointegration,0.0,0.0,0.0,0.9993310499069058,0.9908806418314928
2000-12-31,stat_arb_cointegration,0.0,0.0,0.0,0.9993310499069058,0.9908806418314928
2001-01-31,stat_arb_cointegration,0.0,0.0,0.0,0.9993310499069058,0.9908806418314928
2001-02-28,stat_arb_cointegration,0.0,0.0,0.0,0.9993310499069058,0.9908806418314928
2001-03-31,stat_arb_cointegration,0.0,0.0,0.0,0.9993310499069058,0.9908806418314928
2001-04-30,stat_arb_cointegration,0.0,0.0,0.0,0.9993310499069058,0.9908806418314928
2001-05-31,stat_arb_cointegration,0.0,0.0,0.0,0.9993310499069058,0.9908806418314928
2001-06-30,stat_arb_cointegration,0.0,0.0,0.0,0.9993310499069058,0.9908806418314928
2001-07-31,stat_arb_cointegration,0.0,0.0,0.0,0.9993310499069058,0.9908806418314928
2001-08-31,stat_arb_cointegration,0.0,0.0,0.0,0.9993310499069058,0.9908806418314928
2001-09-30,stat_arb_cointegration,0.0,0.0,0.0,0.9993310499069058,0.9908806418314928
2001-10-31,stat_arb_cointegration,0.018611502592767594,0.018111502592767594,0.5000000000000001,1.0179301023332814,1.0088269791451472
2001-11-30,stat_arb_cointegration,-0.006088949494989431,-0.006102598846862359,0.0136493518729277,1.0117319773507447,1.0026705127855324
2001-12-31,stat_arb_cointegration,0.009032035349963653,0.009027370152553489,0.004665197410163385,1.0208699763348652,1.011721990645498
2002-01-31,stat_arb_cointegration,0.0,-0.0005,0.5,1.0208699763348652,1.0112161296501752
2002-02-28,stat_arb_cointegration,0.0,0.0,0.0,1.0208699763348652,1.0112161296501752
2002-03-31,stat_arb_cointegration,0.0,0.0,0.0,1.0208699763348652,1.0112161296501752
2002-04-30,stat_arb_cointegration,0.0,0.0,0.0,1.0208699763348652,1.0112161296501752
2002-05-31,stat_arb_cointegration,0.0,0.0,0.0,1.0208699763348652,1.0112161296501752
2002-06-30,stat_arb_cointegration,0.0,0.0,0.0,1.0208699763348652,1.0112161296501752
2002-07-31,stat_arb_cointegration,0.014576244701526096,0.014076244701526096,0.49999999999999994,1.0357504269183633,1.025450255337261
2002-08-31,stat_arb_cointegration,0.005482704635362667,0.005469317695858051,0.013386939504615687,1.0414291405851075,1.0310587685649992
2002-09-30,stat_arb_cointegration,-0.008580644731748084,-0.008586488922773892,0.005844191025808333,1.0324930071164569,1.022205593869987
2002-10-31,stat_arb_cointegration,0.00022231275224646532,0.00021601255702015593,0.006300195226309379,1.032722543478544,1.022426403114119
2002-11-30,stat_arb_cointegration,-0.006886333235421094,-0.006892554786550176,0.0062215511290819245,1.0256108719044192,1.0153792731154396
2002-12-31,stat_arb_cointegration,-0.000868130337872388,-0.0008731781057024924,0.005047767830104424,1.0247205079916673,1.014492666165171
2003-01-31,stat_arb_cointegration,0.0005452916865028839,0.0005414661046074004,0.0038255818954834077,1.0252792795656642,1.0150419795572723
2003-02-28,stat_arb_cointegration,-0.005786319594790839,-0.005789286877639919,0.002967282849080495,1.0193466859801805,1.0091656103447677
2003-03-31,stat_arb_cointegration,0.0004185905042568545,0.00041467738474018157,0.003913119516672944,1.0197733748234776,1.0095840885008351
2003-04-30,stat_arb_cointegration,-0.00018925757545648625,-0.00019151147361704988,0.002253898160563643,1.0195803749870433,1.009390741564306
2003-05-31,stat_arb_cointegration,-0.011674935892391741,-0.011677227562902515,0.002291670510772635,1.0076768394719289,0.9976038561751727
2003-06-30,stat_arb_cointegration,-0.001503521281121488,-0.0015112004814380104,0.007679200316522493,1.0061617758992896,0.9960962767474363
2003-07-31,stat_arb_cointegration,0.006858817935304748,0.005972963575221859,0.8858543600828888,1.013062856333646,1.002045923525863
2003-08-31,stat_arb_cointegration,0.005452075661268556,0.00544272849600241,0.00934716526614611,1.0185861516759978,1.0074997874281402
2003-09-30,stat_arb_cointegration,-0.010426034678476151,-0.010432400982324673,0.006366303848522284,1.0079663371356082,0.996989145656083
2003-10-31,stat_arb_cointegration,-0.0018085803953000502,-0.0018139284167249684,0.005348021424918151,1.0061433489791423,0.995180678713611
2003-11-30,stat_arb_cointegration,0.0038064385627700446,0.0038010566585327237,0.00538190423732085,1.009973171822371,0.9989634168588785
2003-12-31,stat_arb_cointegration,-0.004736192283578716,-0.004741444324099822,0.0052520405211051585,1.0051897446793645,0.9942268874360295
2004-01-31,stat_arb_cointegration,-0.002906582671174933,-0.0029115984362906187,0.005015765115685848,1.0022680775862367,0.9913320979852527
2004-02-29,stat_arb_cointegration,-0.0002453037784575819,-0.00025180897537121827,0.006505196913636331,1.0020222174397775,0.9910824716654064
2004-03-31,stat_arb_cointegration,0.00477408965310031,0.004770453211462577,0.0036364416377334466,1.0068059613402334,0.9958103842251869
2004-04-30,stat_arb_cointegration,0.003052207480660093,0.003048605574987113,0.0036019056729798826,1.0098789420270091,0.9988462173141659
2004-05-31,stat_arb_cointegration,0.0007437289437872167,0.0007383207021588041,0.005408241628412629,1.0106300182259158,0.9995836861546818
2004-06-30,stat_arb_cointegration,0.00810893403279038,0.008108065004061927,0.0008690287284518969,1.0188251503752677,1.0076883756590238
2004-07-31,stat_arb_cointegration,0.0,-0.0005,0.5,1.0188251503752677,1.0071845314711942
2004-08-31,stat_arb_cointegration,0.0,0.0,0.0,1.0188251503752677,1.0071845314711942
2004-09-30,stat_arb_cointegration,0.0,0.0,0.0,1.0188251503752677,1.0071845314711942
2004-10-31,stat_arb_cointegration,0.0,0.0,0.0,1.0188251503752677,1.0071845314711942
2004-11-30,stat_arb_cointegration,0.0,0.0,0.0,1.0188251503752677,1.0071845314711942
2004-12-31,stat_arb_cointegration,0.0,0.0,0.0,1.0188251503752677,1.0071845314711942
2005-01-31,stat_arb_cointegration,0.0,0.0,0.0,1.0188251503752677,1.0071845314711942
2005-02-28,stat_arb_cointegration,0.0,0.0,0.0,1.0188251503752677,1.0071845314711942
2005-03-31,stat_arb_cointegration,0.0,0.0,0.0,1.0188251503752677,1.0071845314711942
2005-04-30,stat_arb_cointegration,0.0,0.0,0.0,1.0188251503752677,1.0071845314711942
2005-05-31,stat_arb_cointegration,0.0,0.0,0.0,1.0188251503752677,1.0071845314711942
2005-06-30,stat_arb_cointegration,0.0,0.0,0.0,1.0188251503752677,1.0071845314711942
2005-07-31,stat_arb_cointegration,0.0,0.0,0.0,1.0188251503752677,1.0071845314711942
2005-08-31,stat_arb_cointegration,0.0,0.0,0.0,1.0188251503752677,1.0071845314711942
2005-09-30,stat_arb_cointegration,0.0,0.0,0.0,1.0188251503752677,1.0071845314711942
2005-10-31,stat_arb_cointegration,0.0,0.0,0.0,1.0188251503752677,1.0071845314711942
2005-11-30,stat_arb_cointegration,0.0,0.0,0.0,1.0188251503752677,1.0071845314711942
2005-12-31,stat_arb_cointegration,0.0,0.0,0.0,1.0188251503752677,1.0071845314711942
2006-01-31,stat_arb_cointegration,0.0,0.0,0.0,1.0188251503752677,1.0071845314711942
2006-02-28,stat_arb_cointegration,0.0,0.0,0.0,1.0188251503752677,1.0071845314711942
2006-03-31,stat_arb_cointegration,0.0,0.0,0.0,1.0188251503752677,1.0071845314711942
2006-04-30,stat_arb_cointegration,-0.0022305370289795196,-0.0027305370289795196,0.49999999999999994,1.0165526231513,1.0044343768129969
2006-05-31,stat_arb_cointegration,0.0008163811821821701,0.0008125995820259551,0.003781600156214944,1.0173825175835387,1.0052505797677678
2006-06-30,stat_arb_cointegration,-0.0031102029000107567,-0.003115145645406666,0.00494274539590935,1.0142182515269302,1.0021190778016615
2006-07-31,stat_arb_cointegration,0.0,-0.0004999999999999999,0.49999999999999994,1.0142182515269302,1.0016180182627608
2006-08-31,stat_arb_cointegration,0.0,0.0,0.0,1.0142182515269302,1.0016180182627608
2006-09-30,stat_arb_cointegration,0.0,0.0,0.0,1.0142182515269302,1.0016180182627608
2006-10-31,stat_arb_cointegration,0.0,0.0,0.0,1.0142182515269302,1.0016180182627608
2006-11-30,stat_arb_cointegration,0.0,0.0,0.0,1.0142182515269302,1.0016180182627608
2006-12-31,stat_arb_cointegration,0.0,0.0,0.0,1.0142182515269302,1.0016180182627608
2007-01-31,stat_arb_cointegration,0.0,0.0,0.0,1.0142182515269302,1.0016180182627608
2007-02-28,stat_arb_cointegration,0.0,0.0,0.0,1.0142182515269302,1.0016180182627608
2007-03-31,stat_arb_cointegration,0.0,0.0,0.0,1.0142182515269302,1.0016180182627608
2007-04-30,stat_arb_cointegration,0.0,0.0,0.0,1.0142182515269302,1.0016180182627608
2007-05-31,stat_arb_cointegration,0.0,0.0,0.0,1.0142182515269302,1.0016180182627608
2007-06-30,stat_arb_cointegration,0.0,0.0,0.0,1.0142182515269302,1.0016180182627608
2007-07-31,stat_arb_cointegration,0.0,0.0,0.0,1.0142182515269302,1.0016180182627608
2007-08-31,stat_arb_cointegration,0.0,0.0,0.0,1.0142182515269302,1.0016180182627608
2007-09-30,stat_arb_cointegration,0.0,0.0,0.0,1.0142182515269302,1.0016180182627608
2007-10-31,stat_arb_cointegration,0.0,0.0,0.0,1.0142182515269302,1.0016180182627608
2007-11-30,stat_arb_cointegration,0.0,0.0,0.0,1.0142182515269302,1.0016180182627608
2007-12-31,stat_arb_cointegration,0.0,0.0,0.0,1.0142182515269302,1.0016180182627608
2008-01-31,stat_arb_cointegration,0.0,0.0,0.0,1.0142182515269302,1.0016180182627608
2008-02-29,stat_arb_cointegration,0.0,0.0,0.0,1.0142182515269302,1.0016180182627608
2008-03-31,stat_arb_cointegration,0.0,0.0,0.0,1.0142182515269302,1.0016180182627608
2008-04-30,stat_arb_cointegration,0.0,0.0,0.0,1.0142182515269302,1.0016180182627608
2008-05-31,stat_arb_cointegration,0.0,0.0,0.0,1.0142182515269302,1.0016180182627608
2008-06-30,stat_arb_cointegration,0.0,0.0,0.0,1.0142182515269302,1.0016180182627608
2008-07-31,stat_arb_cointegration,-0.022230469605969482,-0.022730469605969483,0.5,0.9916717035125413,0.9788507703418476
2008-08-31,stat_arb_cointegration,0.001747933123718395,0.0017308449881292172,0.017088135589177836,0.9934050793309652,0.9805450092918203
2008-09-30,stat_arb_cointegration,-0.019651934469737835,-0.019659211001744066,0.0072765320062301644,0.9738827478100485,0.9612682680574454
2008-10-31,stat_arb_cointegration,0.003062190951094265,0.0030487682392372254,0.013422711857039797,0.9768649627478191,0.9641989522224855
2008-11-30,stat_arb_cointegration,0.01747206559605645,0.01746139081203428,0.010674784022167136,0.9939328114554383,0.9810352069477962
2008-12-31,stat_arb_cointegration,-0.0010357347054445049,-0.001055144253225669,0.019409547781164035,0.9929033607477339,0.9800000732869733
2009-01-31,stat_arb_cointegration,0.012100527630162047,0.0120926623102232,0.007865319938848106,1.0049180152985426,0.9918508832372265
2009-02-28,stat_arb_cointegration,0.0036065586948875877,0.0035852853398002063,0.021273355087381443,1.0085423111042668,0.9954069516681647
2009-03-31,stat_arb_cointegration,-0.010221897052808813,-0.010233322924112036,0.011425871303222396,0.9982330954267571,0.9852206308908384
2009-04-30,stat_arb_cointegration,-0.009571052371032132,-0.009577901853946105,0.006849482913972249,0.9886789541919301,0.9757842843836831
2009-05-31,stat_arb_cointegration,0.001803451811550668,0.0017888549143919318,0.01459689715873623,0.9904619890429095,0.9775298208961892
2009-06-30,stat_arb_cointegration,-0.0028414998148697888,-0.002847820702981713,0.006320888111923835,0.9876475914844085,0.974745991234459
2009-07-31,stat_arb_cointegration,-0.009106711018997023,-0.009459802553841625,0.35309153484460226,0.9786533702801515,0.9655250866172325
2009-08-31,stat_arb_cointegration,-0.022754444485286008,-0.02276001979678706,0.005575311501052307,0.9563846564957739,0.9435497165315296
2009-09-30,stat_arb_cointegration,0.00044998034794867595,0.00043610544118378634,0.013874906764889587,0.9568150107962766,0.9439612036969366
2009-10-31,stat_arb_cointegration,0.015276812768047297,0.015274113713168912,0.0026990548783848156,0.9714320945698686,0.9583793744630233
2009-11-30,stat_arb_cointegration,0.0013314554385694191,0.0013196615610521717,0.01179387751724744,0.9727255131153846,0.9596441108844075
2009-12-31,stat_arb_cointegration,0.002954374799689796,0.002951508021903237,0.0028667777865595163,0.975599308858348,0.962476508175855
2010-01-31,stat_arb_cointegration,0.0,-0.0005,0.5,0.975599308858348,0.9619952699217671
2010-02-28,stat_arb_cointegration,0.0,0.0,0.0,0.975599308858348,0.9619952699217671
2010-03-31,stat_arb_cointegration,0.0,0.0,0.0,0.975599308858348,0.9619952699217671
2010-04-30,stat_arb_cointegration,0.0,0.0,0.0,0.975599308858348,0.9619952699217671
2010-05-31,stat_arb_cointegration,0.0,0.0,0.0,0.975599308858348,0.9619952699217671
2010-06-30,stat_arb_cointegration,0.0,0.0,0.0,0.975599308858348,0.9619952699217671
2010-07-31,stat_arb_cointegration,0.0,0.0,0.0,0.975599308858348,0.9619952699217671
2010-08-31,stat_arb_cointegration,0.0,0.0,0.0,0.975599308858348,0.9619952699217671
2010-09-30,stat_arb_cointegration,0.0,0.0,0.0,0.975599308858348,0.9619952699217671
2010-10-31,stat_arb_cointegration,-0.008855069645180786,-0.009355069645180786,0.5,0.9669603090326171,0.9529957371733145
2010-11-30,stat_arb_cointegration,-0.001780079655169904,-0.0017861497582063327,0.006070103036428669,0.9652390426591513,0.9512935440677908
2010-12-31,stat_arb_cointegration,0.0062672502508890025,0.006260063419579677,0.0071868313093252836,0.9712884372914247,0.9572487019842919
2011-01-31,stat_arb_cointegration,-0.0022046144095209403,-0.0022093786706594122,0.004764261138471791,0.9691471208067709,0.9551337771196114
2011-02-28,stat_arb_cointegration,0.0008630123249057532,0.0008587049759233732,0.004307348982379898,0.9699835067166741,0.9559539552466966
2011-03-31,stat_arb_cointegration,-0.00953579959046952,-0.009537899998119059,0.0021004076495384875,0.960733938390563,0.9468361620187472
2011-04-30,stat_arb_cointegration,-0.005130592967104164,-0.005136779694385585,0.006186727281420687,0.955804803602998,0.9419724732477793
2011-05-31,stat_arb_cointegration,-0.00581460041616402,-0.005818178190474874,0.0035777743108537105,0.9502471805941964,0.9364919095479014
2011-06-30,stat_arb_cointegration,-0.00045873794488570816,-0.00046258247815666537,0.0038445332709571896,0.9498112661554372,0.9360587047996091
2011-07-31,stat_arb_cointegration,0.0,-0.0005,0.5,0.9498112661554372,0.9355906754472093
2011-08-31,stat_arb_cointegration,0.0,0.0,0.0,0.9498112661554372,0.9355906754472093
2011-09-30,stat_arb_cointegration,0.0,0.0,0.0,0.9498112661554372,0.9355906754472093
2011-10-31,stat_arb_cointegration,0.0,0.0,0.0,0.9498112661554372,0.9355906754472093
2011-11-30,stat_arb_cointegration,0.0,0.0,0.0,0.9498112661554372,0.9355906754472093
2011-12-31,stat_arb_cointegration,0.0,0.0,0.0,0.9498112661554372,0.9355906754472093
2012-01-31,stat_arb_cointegration,0.0,0.0,0.0,0.9498112661554372,0.9355906754472093
2012-02-29,stat_arb_cointegration,0.0,0.0,0.0,0.9498112661554372,0.9355906754472093
2012-03-31,stat_arb_cointegration,0.0,0.0,0.0,0.9498112661554372,0.9355906754472093
2012-04-30,stat_arb_cointegration,0.0,0.0,0.0,0.9498112661554372,0.9355906754472093
2012-05-31,stat_arb_cointegration,0.0,0.0,0.0,0.9498112661554372,0.9355906754472093
2012-06-30,stat_arb_cointegration,0.0,0.0,0.0,0.9498112661554372,0.9355906754472093
2012-07-31,stat_arb_cointegration,0.0,0.0,0.0,0.9498112661554372,0.9355906754472093
2012-08-31,stat_arb_cointegration,0.0,0.0,0.0,0.9498112661554372,0.9355906754472093
2012-09-30,stat_arb_cointegration,0.0,0.0,0.0,0.9498112661554372,0.9355906754472093
2012-10-31,stat_arb_cointegration,0.0,0.0,0.0,0.9498112661554372,0.9355906754472093
2012-11-30,stat_arb_cointegration,0.0,0.0,0.0,0.9498112661554372,0.9355906754472093
2012-12-31,stat_arb_cointegration,0.0,0.0,0.0,0.9498112661554372,0.9355906754472093
2013-01-31,stat_arb_cointegration,0.0,0.0,0.0,0.9498112661554372,0.9355906754472093
2013-02-28,stat_arb_cointegration,0.0,0.0,0.0,0.9498112661554372,0.9355906754472093
2013-03-31,stat_arb_cointegration,0.0,0.0,0.0,0.9498112661554372,0.9355906754472093
2013-04-30,stat_arb_cointegration,0.0,0.0,0.0,0.9498112661554372,0.9355906754472093
2013-05-31,stat_arb_cointegration,0.0,0.0,0.0,0.9498112661554372,0.9355906754472093
2013-06-30,stat_arb_cointegration,0.0,0.0,0.0,0.9498112661554372,0.9355906754472093
2013-07-31,stat_arb_cointegration,0.0,0.0,0.0,0.9498112661554372,0.9355906754472093
2013-08-31,stat_arb_cointegration,0.0,0.0,0.0,0.9498112661554372,0.9355906754472093
2013-09-30,stat_arb_cointegration,0.0,0.0,0.0,0.9498112661554372,0.9355906754472093
2013-10-31,stat_arb_cointegration,0.0,0.0,0.0,0.9498112661554372,0.9355906754472093
2013-11-30,stat_arb_cointegration,0.0,0.0,0.0,0.9498112661554372,0.9355906754472093
2013-12-31,stat_arb_cointegration,0.0,0.0,0.0,0.9498112661554372,0.9355906754472093
2014-01-31,stat_arb_cointegration,0.0,0.0,0.0,0.9498112661554372,0.9355906754472093
2014-02-28,stat_arb_cointegration,0.0,0.0,0.0,0.9498112661554372,0.9355906754472093
2014-03-31,stat_arb_cointegration,0.0,0.0,0.0,0.9498112661554372,0.9355906754472093
2014-04-30,stat_arb_cointegration,0.0,0.0,0.0,0.9498112661554372,0.9355906754472093
2014-05-31,stat_arb_cointegration,0.0,0.0,0.0,0.9498112661554372,0.9355906754472093
2014-06-30,stat_arb_cointegration,0.0,0.0,0.0,0.9498112661554372,0.9355906754472093
2014-07-31,stat_arb_cointegration,0.0,0.0,0.0,0.9498112661554372,0.9355906754472093
2014-08-31,stat_arb_cointegration,0.0,0.0,0.0,0.9498112661554372,0.9355906754472093
2014-09-30,stat_arb_cointegration,0.0,0.0,0.0,0.9498112661554372,0.9355906754472093
2014-10-31,stat_arb_cointegration,0.0,0.0,0.0,0.9498112661554372,0.9355906754472093
2014-11-30,stat_arb_cointegration,0.0,0.0,0.0,0.9498112661554372,0.9355906754472093
2014-12-31,stat_arb_cointegration,0.0,0.0,0.0,0.9498112661554372,0.9355906754472093
2015-01-31,stat_arb_cointegration,0.0,0.0,0.0,0.9498112661554372,0.9355906754472093
2015-02-28,stat_arb_cointegration,0.0,0.0,0.0,0.9498112661554372,0.9355906754472093
2015-03-31,stat_arb_cointegration,0.0,0.0,0.0,0.9498112661554372,0.9355906754472093
2015-04-30,stat_arb_cointegration,0.0,0.0,0.0,0.9498112661554372,0.9355906754472093
2015-05-31,stat_arb_cointegration,0.0,0.0,0.0,0.9498112661554372,0.9355906754472093
2015-06-30,stat_arb_cointegration,0.0,0.0,0.0,0.9498112661554372,0.9355906754472093
2015-07-31,stat_arb_cointegration,0.0,0.0,0.0,0.9498112661554372,0.9355906754472093
2015-08-31,stat_arb_cointegration,0.0,0.0,0.0,0.9498112661554372,0.9355906754472093
2015-09-30,stat_arb_cointegration,0.0,0.0,0.0,0.9498112661554372,0.9355906754472093
2015-10-31,stat_arb_cointegration,0.0,0.0,0.0,0.9498112661554372,0.9355906754472093
2015-11-30,stat_arb_cointegration,0.0,0.0,0.0,0.9498112661554372,0.9355906754472093
2015-12-31,stat_arb_cointegration,0.0,0.0,0.0,0.9498112661554372,0.9355906754472093
2016-01-31,stat_arb_cointegration,0.0,0.0,0.0,0.9498112661554372,0.9355906754472093
2016-02-29,stat_arb_cointegration,0.0,0.0,0.0,0.9498112661554372,0.9355906754472093
2016-03-31,stat_arb_cointegration,0.0,0.0,0.0,0.9498112661554372,0.9355906754472093
2016-04-30,stat_arb_cointegration,0.0,0.0,0.0,0.9498112661554372,0.9355906754472093
2016-05-31,stat_arb_cointegration,0.0,0.0,0.0,0.9498112661554372,0.9355906754472093
2016-06-30,stat_arb_cointegration,0.0,0.0,0.0,0.9498112661554372,0.9355906754472093
2016-07-31,stat_arb_cointegration,0.0,0.0,0.0,0.9498112661554372,0.9355906754472093
2016-08-31,stat_arb_cointegration,0.0,0.0,0.0,0.9498112661554372,0.9355906754472093
2016-09-30,stat_arb_cointegration,0.0,0.0,0.0,0.9498112661554372,0.9355906754472093
2016-10-31,stat_arb_cointegration,0.0,0.0,0.0,0.9498112661554372,0.9355906754472093
2016-11-30,stat_arb_cointegration,0.0,0.0,0.0,0.9498112661554372,0.9355906754472093
2016-12-31,stat_arb_cointegration,0.0,0.0,0.0,0.9498112661554372,0.9355906754472093
2017-01-31,stat_arb_cointegration,0.0,0.0,0.0,0.9498112661554372,0.9355906754472093
2017-02-28,stat_arb_cointegration,0.0,0.0,0.0,0.9498112661554372,0.9355906754472093
2017-03-31,stat_arb_cointegration,0.0,0.0,0.0,0.9498112661554372,0.9355906754472093
2017-04-30,stat_arb_cointegration,0.0,0.0,0.0,0.9498112661554372,0.9355906754472093
2017-05-31,stat_arb_cointegration,0.0,0.0,0.0,0.9498112661554372,0.9355906754472093
2017-06-30,stat_arb_cointegration,0.0,0.0,0.0,0.9498112661554372,0.9355906754472093
2017-07-31,stat_arb_cointegration,0.0,0.0,0.0,0.9498112661554372,0.9355906754472093
2017-08-31,stat_arb_cointegration,0.0,0.0,0.0,0.9498112661554372,0.9355906754472093
2017-09-30,stat_arb_cointegration,0.0,0.0,0.0,0.9498112661554372,0.9355906754472093
2017-10-31,stat_arb_cointegration,0.0,0.0,0.0,0.9498112661554372,0.9355906754472093
2017-11-30,stat_arb_cointegration,0.0,0.0,0.0,0.9498112661554372,0.9355906754472093
2017-12-31,stat_arb_cointegration,0.0,0.0,0.0,0.9498112661554372,0.9355906754472093
2018-01-31,stat_arb_cointegration,0.0,0.0,0.0,0.9498112661554372,0.9355906754472093
2018-02-28,stat_arb_cointegration,0.0,0.0,0.0,0.9498112661554372,0.9355906754472093
2018-03-31,stat_arb_cointegration,0.0,0.0,0.0,0.9498112661554372,0.9355906754472093
2018-04-30,stat_arb_cointegration,0.0,0.0,0.0,0.9498112661554372,0.9355906754472093
2018-05-31,stat_arb_cointegration,0.0,0.0,0.0,0.9498112661554372,0.9355906754472093
2018-06-30,stat_arb_cointegration,0.0,0.0,0.0,0.9498112661554372,0.9355906754472093
2018-07-31,stat_arb_cointegration,0.0,0.0,0.0,0.9498112661554372,0.9355906754472093
2018-08-31,stat_arb_cointegration,0.0,0.0,0.0,0.9498112661554372,0.9355906754472093
2018-09-30,stat_arb_cointegration,0.0,0.0,0.0,0.9498112661554372,0.9355906754472093
2018-10-31,stat_arb_cointegration,0.0,0.0,0.0,0.9498112661554372,0.9355906754472093
2018-11-30,stat_arb_cointegration,0.0,0.0,0.0,0.9498112661554372,0.9355906754472093
2018-12-31,stat_arb_cointegration,0.0,0.0,0.0,0.9498112661554372,0.9355906754472093
2019-01-31,stat_arb_cointegration,0.0,0.0,0.0,0.9498112661554372,0.9355906754472093
2019-02-28,stat_arb_cointegration,0.0,0.0,0.0,0.9498112661554372,0.9355906754472093
2019-03-31,stat_arb_cointegration,0.0,0.0,0.0,0.9498112661554372,0.9355906754472093
2019-04-30,stat_arb_cointegration,0.0,0.0,0.0,0.9498112661554372,0.9355906754472093
2019-05-31,stat_arb_cointegration,0.0,0.0,0.0,0.9498112661554372,0.9355906754472093
2019-06-30,stat_arb_cointegration,0.0,0.0,0.0,0.9498112661554372,0.9355906754472093
2019-07-31,stat_arb_cointegration,0.0,0.0,0.0,0.9498112661554372,0.9355906754472093
2019-08-31,stat_arb_cointegration,0.0,0.0,0.0,0.9498112661554372,0.9355906754472093
2019-09-30,stat_arb_cointegration,0.0,0.0,0.0,0.9498112661554372,0.9355906754472093
2019-10-31,stat_arb_cointegration,0.0,0.0,0.0,0.9498112661554372,0.9355906754472093
2019-11-30,stat_arb_cointegration,0.0,0.0,0.0,0.9498112661554372,0.9355906754472093
2019-12-31,stat_arb_cointegration,0.0,0.0,0.0,0.9498112661554372,0.9355906754472093
2020-01-31,stat_arb_cointegration,0.0,0.0,0.0,0.9498112661554372,0.9355906754472093
2020-02-29,stat_arb_cointegration,0.0,0.0,0.0,0.9498112661554372,0.9355906754472093
2020-03-31,stat_arb_cointegration,0.0,0.0,0.0,0.9498112661554372,0.9355906754472093
2020-04-30,stat_arb_cointegration,0.0,0.0,0.0,0.9498112661554372,0.9355906754472093
2020-05-31,stat_arb_cointegration,0.0,0.0,0.0,0.9498112661554372,0.9355906754472093
2020-06-30,stat_arb_cointegration,0.0,0.0,0.0,0.9498112661554372,0.9355906754472093
2020-07-31,stat_arb_cointegration,0.008530475801341073,0.008030475801341072,0.5,0.9579136081772174,0.9431039137263484
2020-08-31,stat_arb_cointegration,-0.013032042765519806,-0.013036895934872306,0.004853169352500193,0.9454300370697785,0.9308087661473272
2020-09-30,stat_arb_cointegration,-0.011235843527163877,-0.01124483030005249,0.00898677288861395,0.9348073331073816,0.9203419795301993
2020-10-31,stat_arb_cointegration,-0.003042450102093513,-0.003049763355020049,0.00731325292653608,0.9319632284413314,0.9175351542869414
2020-11-30,stat_arb_cointegration,-0.03853425016215216,-0.03853999039736041,0.0057402352082516275,0.8960507242546462,0.8821733582514821
2020-12-31,stat_arb_cointegration,-0.033400816630689396,-0.03341770348518851,0.01688685449911298,0.8661218983220204,0.8526931505429012
2021-01-31,stat_arb_cointegration,-0.01852064268058031,-0.01853798590698627,0.017343226405960626,0.8500807641253724,0.8368859369351531
2021-02-28,stat_arb_cointegration,0.00047549069194636855,0.0004604711124972067,0.015019579449161866,0.8504849696161166,0.8372712987335669
2021-03-31,stat_arb_cointegration,0.028879031274619296,0.028871532950966883,0.007498323652413728,0.8750461516522541,0.8614446046238518
2021-04-30,stat_arb_cointegration,0.0014437349408438485,0.0014255902424905762,0.01814469835327219,0.8763094863562454,0.8626726716466497
2021-05-31,stat_arb_cointegration,0.012302975346402446,0.012298797927235183,0.0041774191672626325,0.8870907003627048,0.8732825085125799
2021-06-30,stat_arb_cointegration,-0.022006143286227534,-0.0220169131167311,0.010769830503566977,0.8675692553026432,0.8540555233962974
2021-07-31,stat_arb_cointegration,0.003683703549045389,0.0030716368395261257,0.6120667095192633,0.8707651232474442,0.8566788718049622
2021-08-31,stat_arb_cointegration,0.0,-0.0005,0.5,0.8707651232474442,0.8562505323690597
2021-09-30,stat_arb_cointegration,0.0,0.0,0.0,0.8707651232474442,0.8562505323690597
2021-10-31,stat_arb_cointegration,0.0,0.0,0.0,0.8707651232474442,0.8562505323690597
2021-11-30,stat_arb_cointegration,0.0,0.0,0.0,0.8707651232474442,0.8562505323690597
2021-12-31,stat_arb_cointegration,0.0,0.0,0.0,0.8707651232474442,0.8562505323690597
2022-01-31,stat_arb_cointegration,0.0,0.0,0.0,0.8707651232474442,0.8562505323690597
2022-02-28,stat_arb_cointegration,0.0,0.0,0.0,0.8707651232474442,0.8562505323690597
2022-03-31,stat_arb_cointegration,0.0,0.0,0.0,0.8707651232474442,0.8562505323690597
2022-04-30,stat_arb_cointegration,0.0,0.0,0.0,0.8707651232474442,0.8562505323690597
2022-05-31,stat_arb_cointegration,0.0,0.0,0.0,0.8707651232474442,0.8562505323690597
2022-06-30,stat_arb_cointegration,0.008674787628518518,0.008174787628518518,0.5,0.8783188257659365,0.8632501986279827
2022-07-31,stat_arb_cointegration,0.024606659141373378,0.02398777746308913,0.6188816782842468,0.8999313177290101,0.8839576522876383
2022-08-31,stat_arb_cointegration,0.015718681116979716,0.015706265724094007,0.012415392885708247,0.9140770511395759,0.8978413260633143
2022-09-30,stat_arb_cointegration,0.0,-0.0005,0.5,0.9140770511395759,0.8973924054002828
2022-10-31,stat_arb_cointegration,0.0,0.0,0.0,0.9140770511395759,0.8973924054002828
2022-11-30,stat_arb_cointegration,0.0,0.0,0.0,0.9140770511395759,0.8973924054002828
2022-12-31,stat_arb_cointegration,0.0,0.0,0.0,0.9140770511395759,0.8973924054002828
2023-01-31,stat_arb_cointegration,0.0,0.0,0.0,0.9140770511395759,0.8973924054002828
2023-02-28,stat_arb_cointegration,0.0,0.0,0.0,0.9140770511395759,0.8973924054002828
2023-03-31,stat_arb_cointegration,0.0,0.0,0.0,0.9140770511395759,0.8973924054002828
2023-04-30,stat_arb_cointegration,0.0,0.0,0.0,0.9140770511395759,0.8973924054002828
2023-05-31,stat_arb_cointegration,0.0,0.0,0.0,0.9140770511395759,0.8973924054002828
2023-06-30,stat_arb_cointegration,0.0,0.0,0.0,0.9140770511395759,0.8973924054002828
2023-07-31,stat_arb_cointegration,0.0,0.0,0.0,0.9140770511395759,0.8973924054002828
2023-08-31,stat_arb_cointegration,0.0,0.0,0.0,0.9140770511395759,0.8973924054002828
2023-09-30,stat_arb_cointegration,0.0,0.0,0.0,0.9140770511395759,0.8973924054002828
2023-10-31,stat_arb_cointegration,0.0,0.0,0.0,0.9140770511395759,0.8973924054002828
2023-11-30,stat_arb_cointegration,0.0027890139468771807,0.0022890139468771807,0.49999999999999994,0.9166264247837246,0.8994465491320657
2023-12-31,stat_arb_cointegration,0.03158652553055354,0.031582365155222676,0.004160375330869814,0.9455794687521358,0.9278531984843595
2024-01-31,stat_arb_cointegration,-0.02688705452901808,-0.026902985896983013,0.015931367964934523,0.9201556220142773,0.9028911769710642
2024-02-29,stat_arb_cointegration,0.0035006347150708253,0.003486535110831338,0.014099604239487655,0.923376750727968,0.9060391387608336
2024-03-31,stat_arb_cointegration,-0.01510684614182361,-0.015110590353699894,0.0037442118762831397,0.9094274402237836,0.8923483524905996
2024-04-30,stat_arb_cointegration,-0.016337291813285366,-0.016345698806903515,0.008406993618147071,0.8945698587498385,0.8777622950899517
2024-05-31,stat_arb_cointegration,0.006383908430412257,0.006375205725938572,0.008702704473684568,0.9002807108127043,0.8833582102996221
2024-06-30,stat_arb_cointegration,-0.012133235795352294,-0.012137586283881485,0.004350488529191326,0.8893573926664065,0.8726363738025353
2024-07-31,stat_arb_cointegration,0.020632808341886924,0.020247962758404858,0.3848455834820653,0.9077073332967327,0.8903054826009186
2024-08-31,stat_arb_cointegration,-0.007118507523875963,-0.007130989008314249,0.01248148443828593,0.9012458118151825,0.8839567239904496
2024-09-30,stat_arb_cointegration,-0.0027055636889019366,-0.002712847411578807,0.007283722676870524,0.8988074338719604,0.8815586842798243
2024-10-31,stat_arb_cointegration,0.0034981415455610696,0.003495021868140124,0.003119677420945398,0.901951589497847,0.8846397511594312
2024-11-30,stat_arb_cointegration,0.02569887769069213,0.025695066378780964,0.0038113119111653597,0.9251307330792775,0.9073706282867811
2024-12-31,stat_arb_cointegration,0.0,-0.0005,0.5,0.9251307330792775,0.9069169429726377
2025-01-31,stat_arb_cointegration,0.0,0.0,0.0,0.9251307330792775,0.9069169429726377
2025-02-28,stat_arb_cointegration,0.0,0.0,0.0,0.9251307330792775,0.9069169429726377
2025-03-31,stat_arb_cointegration,0.0,0.0,0.0,0.9251307330792775,0.9069169429726377
2025-04-30,stat_arb_cointegration,0.006284546344572886,0.005784546344572886,0.5,0.9309447600461029,0.9121630460599414
2025-05-31,stat_arb_cointegration,0.0005550788561729542,0.0005478604540103703,0.007218402162583983,0.9314615077986695,0.9126627841204872
2025-06-30,stat_arb_cointegration,0.003179214865872266,0.003172676162698097,0.006538703174168905,0.9344228240712509,0.9155583675802479
2025-07-31,stat_arb_cointegration,0.005925548639052106,0.005135449163604217,0.790099475447888,0.9399597919647256,0.9202601710332687
2025-08-31,stat_arb_cointegration,0.011649398662869497,0.01164648378953241,0.0029148733370858593,0.9509097583083904,0.9309779661973601
2025-09-30,stat_arb_cointegration,-0.002998902071593653,-0.0030099888112040695,0.011086739610416823,0.9480580730643007,0.9281757329356285
2025-10-31,stat_arb_cointegration,-0.008118937784401488,-0.008123186775604871,0.004248991203382539,0.940360848553092,0.9206359880964085
2025-11-30,stat_arb_cointegration,0.0009689534433589744,0.0009612452560332908,0.007708187325683503,0.9412720144352975,0.9215209450724996
2025-12-31,stat_arb_cointegration,-0.007219552537087755,-0.007224053967572234,0.004501430484479381,0.9344764516753915,0.9148638280330478
2026-01-31,stat_arb_cointegration,0.0023350423467701723,0.0023311873218851793,0.003855024884993171,0.936658493762113,0.9169965469902098
