date,rank,spread,spread_mean,spread_std,zscore,position_side,turnover,gross_return,net_return
1946-07-31,1,0.8747625116052191,0.8333876765141197,0.38836193613121733,0.10653679272296122,0,0.0,0.0,0.0
1946-08-31,1,0.7168396692061627,0.8277293633489384,0.3875308628228114,-0.28614416239017637,0,0.0,0.0,0.0
1946-09-30,1,0.6067496906646852,0.8158446349416477,0.38309225424048543,-0.5458083319682667,0,0.0,0.0,0.0
1946-10-31,1,0.5009781656896788,0.8023038617877718,0.3795486794602105,-0.7939052680321131,0,0.0,0.0,0.0
1946-11-30,1,0.2739710478745927,0.7887731932678267,0.38371840928719886,-1.3416144050777712,0,0.0,0.0,0.0
1946-12-31,1,0.38680359029835465,0.7750255583955876,0.3830863574662168,-1.0134058823315553,0,0.0,0.0,0.0
1947-01-31,1,0.633222312441795,0.7629962630663089,0.3758297714964005,-0.3452998151471795,0,0.0,0.0,0.0
1947-02-28,1,0.6157513173490248,0.7643883979202375,0.3751144821528408,-0.39624458036960136,0,0.0,0.0,0.0
1947-03-31,1,0.7157627842222443,0.7693503688403257,0.37241481141654315,-0.14389219487337773,0,0.0,0.0,0.0
1947-04-30,1,0.7635600741053707,0.7820365507660634,0.35855222985987256,-0.051530781632325946,0,0.0,0.0,0.0
1947-05-31,1,0.6934758533553183,0.7989887223190171,0.3281450241076123,-0.3215434067624222,0,0.0,0.0,0.0
1947-06-30,1,0.8490558710208713,0.8089009628547895,0.32030227706600867,0.1253656656265562,0,0.0,0.0,0.0
1947-07-31,1,2.8975896172007776,2.599266245855571,0.37538782671986387,0.7947071005257521,0,0.0,0.0,0.0
1947-08-31,1,2.7986683152505556,2.6196763774868668,0.3512149612814975,0.509636426394226,0,0.0,0.0,0.0
1947-09-30,1,2.7617170013077903,2.6410297658571715,0.31817517006528245,0.3793106653352505,0,0.0,0.0,0.0
1947-10-31,1,2.7930859409941977,2.6596106988032346,0.2925143325520581,0.45630325538735367,0,0.0,0.0,0.0
1947-11-30,1,2.814814350517251,2.675188186140429,0.2746432728349345,0.5083909863713995,0,0.0,0.0,0.0
1947-12-31,1,2.7949047037224073,2.685205742166303,0.2676619583522955,0.40984143668155887,0,0.0,0.0,0.0
1948-01-31,1,2.7699491141014843,2.6929981026854977,0.2630955292081701,0.292483158674659,0,0.0,0.0,0.0
1948-02-29,1,2.60133343699947,2.6937856570352077,0.2627431302765759,-0.351873024951854,0,0.0,0.0,0.0
1948-03-31,1,2.5209402367114286,2.6900721624067057,0.2635981439363255,-0.6416279081848631,0,0.0,0.0,0.0
1948-04-30,1,2.807301465360352,2.69364331190396,0.26371259823850446,0.43099250553664653,0,0.0,0.0,0.0
1948-05-31,1,2.7734326793316377,2.6958087863518414,0.26382733152764054,0.2942223329566742,0,0.0,0.0,0.0
1948-06-30,1,3.0211067253260815,2.698991056071125,0.26661229541876685,1.2081800981796833,0,0.0,0.0,0.0
1948-07-31,1,0.5652942435181139,0.5154550513870767,0.24065161254908654,0.20710101047368334,0,0.0,0.0,0.0
1948-08-31,1,0.36226958327618775,0.5096192901104434,0.24003911461127264,-0.6138570668904468,0,0.0,0.0,0.0
1948-09-30,1,0.36054401869044383,0.5007755639170615,0.23547497825458802,-0.5955263113985885,0,0.0,0.0,0.0
1948-10-31,1,0.35661540375485856,0.48903699567071085,0.22437111886625813,-0.5901900056699606,0,0.0,0.0,0.0
1948-11-30,1,0.5515201259393478,0.48217090429424647,0.2157437118346674,0.3214426091743815,0,0.0,0.0,0.0
1948-12-31,1,0.479283149024873,0.47386991872309464,0.20571721850755595,0.026313938818784605,0,0.0,0.0,0.0
1949-01-31,1,0.7816813897301351,0.4708344606015133,0.19961869345820638,1.557203505060026,-1,0.5,0.0033851258291568787,0.0028851258291568787
1949-02-28,1,0.6939461477556002,0.469520086311203,0.1978484495370021,1.1343331826435388,-1,0.004107097171139294,-5.568067881233166e-05,-5.978777598347095e-05
1949-03-31,1,0.5803694728299789,0.46832443061722934,0.19694100025722927,0.5689269480017105,-1,0.004000763234712018,-0.0007255689312179563,-0.0007295696944526682
1949-04-30,1,0.7482159990441595,0.4679372388023995,0.19635692131634644,1.4273943508729638,-1,0.004869680028430565,-0.004506314657768226,-0.004511184337796657
1949-05-31,1,0.8454928879508721,0.47018543826985854,0.19992226177365516,1.877266925410854,-1,0.0036809568809573756,-0.004533366307362322,-0.004537047264243279
1949-06-30,1,0.9005617888088047,0.4732463992173088,0.20510258924477742,2.0834226967340768,-1,0.004757987556945266,-0.007527804598250004,-0.007532562585806949
1949-07-31,1,0.9074721938493155,0.20136048796061143,0.2521933380848857,2.7998824681524064,-1,0.09962819499513312,0.006653781597627254,0.006554153402632121
1949-08-31,1,0.904142379157939,0.21158317551183525,0.26782626047861763,2.5858524941074457,-1,0.0032140184175883588,0.003241955371162791,0.0032387413527452027
1949-09-30,1,0.8943370580648349,0.2237351877373631,0.28186022914117476,2.3792000466713192,-1,0.0020760888315429146,0.002069371297267879,0.002067295208436336
1949-10-31,1,0.9679822271013379,0.2356242059666383,0.29778087980816614,2.4593856449295637,-1,0.0026221414901614476,-0.0019088610312359266,-0.001911483172726088
1949-11-30,1,1.1661914206102395,0.25148247502313187,0.32107240667728826,2.848917959201916,-1,0.002095837533670368,-5.2171119734054864e-05,-5.426695726772523e-05
1949-12-31,1,1.2038035449996087,0.26970792079082806,0.3431955585821363,2.7217590695749796,-1,0.0033127523655909624,0.0028722533230869027,0.0028689405707213117
1950-01-31,1,1.3311997437919736,0.2924414498726741,0.36715687500343414,2.8291947247605904,-1,0.004448195347817284,0.0048177196642282035,0.004813271468880386
1950-02-28,1,1.2976579173901754,0.3167049564855703,0.38456553238404184,2.5508083234172636,-1,0.0070423104878422,0.0018007560026011152,0.001793713692113273
1950-03-31,1,1.2844705103037235,0.3422334566118734,0.39712916470887627,2.372621145522204,-1,0.001763417543433718,-0.007504429665329566,-0.007506193082873
1950-04-30,1,1.5675403950032702,0.3712710470585769,0.4216298740007348,2.8372499713874837,-1,0.006965683528957191,0.0014785526342931954,0.0014715869507642382
1950-05-31,1,1.701200740535505,0.40171742966189156,0.4501367811036542,2.8868632056405494,-1,0.0037564672620916603,-0.0025429992129183017,-0.0025467556801803933
1950-06-30,1,1.9148248688997427,0.43309541858404005,0.48796707699111413,3.0365357012450347,-1,0.004653872275252109,-0.0009668443316023755,-0.0009714982038776276
1950-07-31,2,-2.44534525023262,-3.039102046139562,0.3014106755842925,1.9699262302369647,-1,0.17609103722868535,0.01187671083626685,0.011700619799038164
1950-08-31,2,-2.8185396205393545,-3.0301038739832884,0.29977038595219946,0.7057543485221698,-1,0.017945342823492166,9.835650460896656e-05,8.041116178547438e-05
1950-09-30,2,-2.7016840701411695,-3.0205076259583676,0.3009314502686696,1.059455751575831,-1,0.004176661251412922,3.452200349553236e-05,3.034534224411944e-05
1950-10-31,2,-2.575214410359308,-3.0079687147520957,0.3035831961449047,1.4254883336369761,-1,0.002522560052999105,0.004619223675465236,0.004616701115412237
1950-11-30,2,-2.776562346701546,-2.9989587278042857,0.3022705197486472,0.7357527994713919,-1,0.003392225063618727,0.00033418366416362866,0.0003307914391000099
1950-12-31,2,-2.7181002900236635,-2.986228036076388,0.2976337514138041,0.9008647197405485,-1,0.005809671982532318,0.006221195259388024,0.006215385587405492
1951-01-31,2,-2.7873628967623603,-2.976552442213733,0.29443491124680427,0.6425513355404665,-1,0.008640433960141476,0.004168233197641813,0.004159592763681672
1951-02-28,2,-2.7799213692748026,-2.9675939753615883,0.2920550953608803,0.6425931581672509,-1,0.005621267157089129,-0.0058909719769123185,-0.005896593244069407
1951-03-31,2,-2.4950062372453488,-2.9554904745456723,0.2963821329329594,1.5536842006750908,-1,0.005258579570551345,-0.0052237017047828405,-0.005228960284353392
1951-04-30,2,-2.3403302519551943,-2.946505813701002,0.30671828162778264,1.9763268055910366,-1,0.005331527481739422,0.00046905822192457036,0.00046372669444283096
1951-05-31,2,-2.2359079667091493,-2.9347054723502612,0.32014503934384564,2.1827528768627333,-1,0.00675721263262229,-0.0037155454831336136,-0.003722302695766236
1951-06-30,2,-2.1359278142608034,-2.9211772809829943,0.33633055242776755,2.334755082623176,-1,0.0028500937646513975,-0.011705207926857824,-0.011708058020622475
1951-07-31,1,-6.162973020387014,-7.184612827698221,0.2669398254156212,3.82722887347562,-1,0.5074309618946206,-0.0009722799543115425,-0.001479710916206163
1951-08-31,1,-5.936155679879803,-7.157109405284049,0.30687083062536513,3.9787220014235034,-1,0.0029508587670006824,0.0014649187179342424,0.0014619678591672417
1951-09-30,1,-5.860714861479895,-7.127297454207691,0.34299144866928816,3.6927526841901894,-1,0.0020885430113653236,0.005771178393969663,0.005769089850958298
1951-10-31,1,-6.066272096345486,-7.108937705702815,0.3692605944127802,2.823657940039438,-1,0.004585818811534307,-0.011246689870770925,-0.011251275689582459
1951-11-30,1,-5.617492518182697,-7.078798353150526,0.41404003720995125,3.5293829186543864,-1,0.00607365451249741,-0.0003582893022680213,-0.0003643629567805187
1951-12-31,1,-5.585072000969497,-7.049704959965696,0.45531346498599345,3.21675740259791,-1,0.000651715106313646,-0.005721030565804867,-0.00572168228091118
1952-01-31,1,-5.276368883014445,-7.019943807174479,0.5096149409814958,3.4213575465467816,-1,0.0062648581500720744,-0.004961020833029543,-0.004967285691179615
1952-02-29,1,-5.003282467448145,-6.977666700107237,0.5676602878177066,3.4781087827181754,-1,0.0038554536105757688,0.0023400914595182697,0.002336236005907694
1952-03-31,1,-5.179819611632471,-6.933705496863652,0.6025798581403157,2.9106281292641123,-1,0.0021910057388487905,-0.0025413349387009045,-0.0025435259444397534
1952-04-30,1,-4.9644500670550045,-6.8890420342260095,0.6467184371944409,2.9759348991504964,-1,0.004670439907692302,0.0012214231693915174,0.001216752729483825
1952-05-31,1,-5.161553917339479,-6.853154855641696,0.681500395342999,2.482171617011073,-1,0.0012498489846261805,0.0013789605776170083,0.0013777107286323822
1952-06-30,1,-5.1407578810191765,-6.823907086031671,0.7164093421569699,2.349423864218266,-1,0.0019547616048273264,-0.0014854718854448046,-0.001487426647049632
1952-07-31,0,,,,,0,0.49999999999999994,0.0,-0.0004999999999999999
1952-08-31,0,,,,,0,0.0,0.0,0.0
1952-09-30,0,,,,,0,0.0,0.0,0.0
1952-10-31,0,,,,,0,0.0,0.0,0.0
1952-11-30,0,,,,,0,0.0,0.0,0.0
1952-12-31,0,,,,,0,0.0,0.0,0.0
1953-01-31,0,,,,,0,0.0,0.0,0.0
1953-02-28,0,,,,,0,0.0,0.0,0.0
1953-03-31,0,,,,,0,0.0,0.0,0.0
1953-04-30,0,,,,,0,0.0,0.0,0.0
1953-05-31,0,,,,,0,0.0,0.0,0.0
1953-06-30,0,,,,,0,0.0,0.0,0.0
1953-07-31,1,-4.500350434154555,-4.701310415307954,0.6451541667331914,0.3114914101399693,0,0.0,0.0,0.0
1953-08-31,1,-4.508552286603177,-4.681533891221905,0.6322303057809259,0.2736053666473058,0,0.0,0.0,0.0
1953-09-30,1,-3.894993412059847,-4.648160196203388,0.6196861559630548,1.2154003714558435,0,0.0,0.0,0.0
1953-10-31,1,-3.6357905502359955,-4.613377159186333,0.6169107497381142,1.584648361801662,-1,0.5,0.0021942145321857814,0.0016942145321857814
1953-11-30,1,-3.6416172069176156,-4.579851947570857,0.6140991578048072,1.5278228747407947,-1,0.002683901761228534,0.004516755905414083,0.004514072003652854
1953-12-31,1,-3.8461607409132625,-4.5532182450039,0.6106209997498517,1.1579318503298972,-1,0.0025178520908460227,-0.007179179413262634,-0.00718169726535348
1954-01-31,1,-3.4166218762525347,-4.523250327965367,0.6216303747792029,1.780203311503071,-1,0.005348158215063962,0.006217786446061038,0.006212438287845974
1954-02-28,1,-3.5889082573863647,-4.490161084277527,0.6175636780220142,1.4593682545867528,-1,0.004770742298262402,-0.0024436035324515047,-0.002448374274749767
1954-03-31,1,-3.390382268367702,-4.450360784879165,0.610037764875535,1.7375621273671946,-1,0.0020771835774056682,-0.001966256566170138,-0.0019683337497475436
1954-04-30,1,-3.1752413584842003,-4.40882787443868,0.6106166987483004,2.020230561141223,-1,0.0029669585749263136,0.007653642112300785,0.007650675153725859
1954-05-31,1,-3.570528079113515,-4.380464810841573,0.6093506755974174,1.3291800012102766,-1,0.006638616669744357,0.008642154255965921,0.008635515639296177
1954-06-30,1,-3.9585284393016593,-4.3599756311980435,0.6023697607760145,0.6664464553785239,-1,0.005251096968065812,0.00646105198747576,0.006455800890507694
1954-07-31,1,-3.091241710061581,-2.87711198859264,0.5378639089968456,-0.39811133985232144,0,0.5,0.0,-0.0005
1954-08-31,1,-3.453870569875633,-2.877566042112186,0.5383469431494163,-1.0705076625715988,0,0.0,0.0,0.0
1954-09-30,1,-2.9608458785203737,-2.8686044270152227,0.5322757859268507,-0.17329635114723702,0,0.0,0.0,0.0
1954-10-31,1,-2.9899484670684444,-2.8629367715727616,0.529080385341151,-0.240061244027759,0,0.0,0.0,0.0
1954-11-30,1,-3.0165680597240225,-2.863558211367658,0.5292412294911212,-0.28911173172106697,0,0.0,0.0,0.0
1954-12-31,1,-3.961372418321588,-2.875550713046704,0.5458497271593142,-1.9892319282189015,1,0.49999999999999994,-0.014256407272461774,-0.014756407272461775
1955-01-31,1,-4.657518371835991,-2.898928139715534,0.5905742224608623,-2.977763277226343,1,0.008923441366614453,-0.004388026307892734,-0.004396949749259348
1955-02-28,1,-4.921768127903363,-2.9298457316445803,0.6455095603941744,-3.085813934409327,1,0.0042823996898796665,-0.004939736762068964,-0.004944019161758843
1955-03-31,1,-5.141343627895026,-2.9637532211710975,0.7056030796578177,-3.0861407347881067,1,0.004342220634842757,-0.005131403498999216,-0.005135745719634059
1955-04-30,1,-5.512133391743319,-3.011240942177337,0.7772514862150636,-3.2176103795496522,1,0.0045796892156160455,-0.002673258882594117,-0.0026778385718097333
1955-05-31,1,-5.611540176738771,-3.061545773181658,0.8445044468210905,-3.0195156617065546,1,0.005267189694281603,0.00018293211543922157,0.00017766492574493997
1955-06-30,1,-5.576694527121106,-3.113158210149067,0.9010912866577624,-2.7339475516509997,1,0.0009672358269120478,-0.00560976499896711,-0.005610732234794022
1955-07-31,1,0.2892128158124905,2.533953223961159,0.8831282928489949,-2.5418055636141803,1,0.16662132005939606,0.0004956593907932143,0.0003290380707338182
1955-08-31,1,0.3605690408259363,2.5170282877231354,0.9148559789836674,-2.357157078749001,1,0.004127544674510764,-0.004170406681673584,-0.0041745342263480945
1955-09-30,1,0.05360774734968743,2.485562485091983,0.96602095606847,-2.5174968746432893,1,0.0021190994745039216,0.005512912575104606,0.005510793475630102
1955-10-31,1,0.4662752793940399,2.4541570170195466,1.0004975153528932,-1.9868932277401463,1,0.003752677847292725,0.001015667998504605,0.0010119153206573123
1955-11-30,1,0.45921715068148217,2.4301865892715737,1.0308306745765121,-1.9120205550730327,1,0.0045027733579921375,-0.006384043667957168,-0.00638854644131516
1955-12-31,1,0.28455721639954845,2.403649794901717,1.0652388816819762,-1.9893120828974933,1,0.00904866189569354,0.010727295423701095,0.0107182467618054
1956-01-31,1,1.2096073972274723,2.3983243730198764,1.0704707829876685,-1.1104618591034425,1,0.007586514481450313,-1.0007006058160295e-05,-1.7593520539610608e-05
1956-02-29,1,1.1034500387991244,2.3902617530114796,1.0784754016266662,-1.1931766939435569,1,0.0021946991351090225,-0.0033339147637347893,-0.003336109462869898
1956-03-31,1,0.9927639722468342,2.369388969351585,1.0933484491669867,-1.259090821552443,1,0.003347422887889945,0.004910038408501847,0.004906690985613958
1956-04-30,1,1.5981017454381288,2.351632131395106,1.097135687883197,-0.6868160376870351,1,0.004714317936615385,-0.0012731445704587787,-0.0012778588883953941
1956-05-31,1,1.5296167843240198,2.3330425940929116,1.1015213905110488,-0.7293783095724939,1,0.0016561234634230038,0.004953435254185269,0.0049517791307218464
1956-06-30,1,1.7184017883254228,2.3153445833835806,1.1027437255101376,-0.5413250433884877,1,0.004972168764586865,0.00123120617966168,0.001226234010897093
1956-07-31,0,,,,,0,0.5,0.0,-0.0005
1956-08-31,0,,,,,0,0.0,0.0,0.0
1956-09-30,0,,,,,0,0.0,0.0,0.0
1956-10-31,0,,,,,0,0.0,0.0,0.0
1956-11-30,0,,,,,0,0.0,0.0,0.0
1956-12-31,0,,,,,0,0.0,0.0,0.0
1957-01-31,0,,,,,0,0.0,0.0,0.0
1957-02-28,0,,,,,0,0.0,0.0,0.0
1957-03-31,0,,,,,0,0.0,0.0,0.0
1957-04-30,0,,,,,0,0.0,0.0,0.0
1957-05-31,0,,,,,0,0.0,0.0,0.0
1957-06-30,0,,,,,0,0.0,0.0,0.0
1957-07-31,0,,,,,0,0.0,0.0,0.0
1957-08-31,0,,,,,0,0.0,0.0,0.0
1957-09-30,0,,,,,0,0.0,0.0,0.0
1957-10-31,0,,,,,0,0.0,0.0,0.0
1957-11-30,0,,,,,0,0.0,0.0,0.0
1957-12-31,0,,,,,0,0.0,0.0,0.0
1958-01-31,0,,,,,0,0.0,0.0,0.0
1958-02-28,0,,,,,0,0.0,0.0,0.0
1958-03-31,0,,,,,0,0.0,0.0,0.0
1958-04-30,0,,,,,0,0.0,0.0,0.0
1958-05-31,0,,,,,0,0.0,0.0,0.0
1958-06-30,0,,,,,0,0.0,0.0,0.0
1958-07-31,0,,,,,0,0.0,0.0,0.0
1958-08-31,0,,,,,0,0.0,0.0,0.0
1958-09-30,0,,,,,0,0.0,0.0,0.0
1958-10-31,0,,,,,0,0.0,0.0,0.0
1958-11-30,0,,,,,0,0.0,0.0,0.0
1958-12-31,0,,,,,0,0.0,0.0,0.0
1959-01-31,0,,,,,0,0.0,0.0,0.0
1959-02-28,0,,,,,0,0.0,0.0,0.0
1959-03-31,0,,,,,0,0.0,0.0,0.0
1959-04-30,0,,,,,0,0.0,0.0,0.0
1959-05-31,0,,,,,0,0.0,0.0,0.0
1959-06-30,0,,,,,0,0.0,0.0,0.0
1959-07-31,0,,,,,0,0.0,0.0,0.0
1959-08-31,0,,,,,0,0.0,0.0,0.0
1959-09-30,0,,,,,0,0.0,0.0,0.0
1959-10-31,0,,,,,0,0.0,0.0,0.0
1959-11-30,0,,,,,0,0.0,0.0,0.0
1959-12-31,0,,,,,0,0.0,0.0,0.0
1960-01-31,0,,,,,0,0.0,0.0,0.0
1960-02-29,0,,,,,0,0.0,0.0,0.0
1960-03-31,0,,,,,0,0.0,0.0,0.0
1960-04-30,0,,,,,0,0.0,0.0,0.0
1960-05-31,0,,,,,0,0.0,0.0,0.0
1960-06-30,0,,,,,0,0.0,0.0,0.0
1960-07-31,0,,,,,0,0.0,0.0,0.0
1960-08-31,0,,,,,0,0.0,0.0,0.0
1960-09-30,0,,,,,0,0.0,0.0,0.0
1960-10-31,0,,,,,0,0.0,0.0,0.0
1960-11-30,0,,,,,0,0.0,0.0,0.0
1960-12-31,0,,,,,0,0.0,0.0,0.0
1961-01-31,0,,,,,0,0.0,0.0,0.0
1961-02-28,0,,,,,0,0.0,0.0,0.0
1961-03-31,0,,,,,0,0.0,0.0,0.0
1961-04-30,0,,,,,0,0.0,0.0,0.0
1961-05-31,0,,,,,0,0.0,0.0,0.0
1961-06-30,0,,,,,0,0.0,0.0,0.0
1961-07-31,0,,,,,0,0.0,0.0,0.0
1961-08-31,0,,,,,0,0.0,0.0,0.0
1961-09-30,0,,,,,0,0.0,0.0,0.0
1961-10-31,0,,,,,0,0.0,0.0,0.0
1961-11-30,0,,,,,0,0.0,0.0,0.0
1961-12-31,0,,,,,0,0.0,0.0,0.0
1962-01-31,0,,,,,0,0.0,0.0,0.0
1962-02-28,0,,,,,0,0.0,0.0,0.0
1962-03-31,0,,,,,0,0.0,0.0,0.0
1962-04-30,0,,,,,0,0.0,0.0,0.0
1962-05-31,0,,,,,0,0.0,0.0,0.0
1962-06-30,0,,,,,0,0.0,0.0,0.0
1962-07-31,0,,,,,0,0.0,0.0,0.0
1962-08-31,0,,,,,0,0.0,0.0,0.0
1962-09-30,0,,,,,0,0.0,0.0,0.0
1962-10-31,0,,,,,0,0.0,0.0,0.0
1962-11-30,0,,,,,0,0.0,0.0,0.0
1962-12-31,0,,,,,0,0.0,0.0,0.0
1963-01-31,0,,,,,0,0.0,0.0,0.0
1963-02-28,0,,,,,0,0.0,0.0,0.0
1963-03-31,0,,,,,0,0.0,0.0,0.0
1963-04-30,0,,,,,0,0.0,0.0,0.0
1963-05-31,0,,,,,0,0.0,0.0,0.0
1963-06-30,0,,,,,0,0.0,0.0,0.0
1963-07-31,0,,,,,0,0.0,0.0,0.0
1963-08-31,0,,,,,0,0.0,0.0,0.0
1963-09-30,0,,,,,0,0.0,0.0,0.0
1963-10-31,0,,,,,0,0.0,0.0,0.0
1963-11-30,0,,,,,0,0.0,0.0,0.0
1963-12-31,0,,,,,0,0.0,0.0,0.0
1964-01-31,0,,,,,0,0.0,0.0,0.0
1964-02-29,0,,,,,0,0.0,0.0,0.0
1964-03-31,0,,,,,0,0.0,0.0,0.0
1964-04-30,0,,,,,0,0.0,0.0,0.0
1964-05-31,0,,,,,0,0.0,0.0,0.0
1964-06-30,0,,,,,0,0.0,0.0,0.0
1964-07-31,0,,,,,0,0.0,0.0,0.0
1964-08-31,0,,,,,0,0.0,0.0,0.0
1964-09-30,0,,,,,0,0.0,0.0,0.0
1964-10-31,0,,,,,0,0.0,0.0,0.0
1964-11-30,0,,,,,0,0.0,0.0,0.0
1964-12-31,0,,,,,0,0.0,0.0,0.0
1965-01-31,0,,,,,0,0.0,0.0,0.0
1965-02-28,0,,,,,0,0.0,0.0,0.0
1965-03-31,0,,,,,0,0.0,0.0,0.0
1965-04-30,0,,,,,0,0.0,0.0,0.0
1965-05-31,0,,,,,0,0.0,0.0,0.0
1965-06-30,0,,,,,0,0.0,0.0,0.0
1965-07-31,0,,,,,0,0.0,0.0,0.0
1965-08-31,0,,,,,0,0.0,0.0,0.0
1965-09-30,0,,,,,0,0.0,0.0,0.0
1965-10-31,0,,,,,0,0.0,0.0,0.0
1965-11-30,0,,,,,0,0.0,0.0,0.0
1965-12-31,0,,,,,0,0.0,0.0,0.0
1966-01-31,0,,,,,0,0.0,0.0,0.0
1966-02-28,0,,,,,0,0.0,0.0,0.0
1966-03-31,0,,,,,0,0.0,0.0,0.0
1966-04-30,0,,,,,0,0.0,0.0,0.0
1966-05-31,0,,,,,0,0.0,0.0,0.0
1966-06-30,0,,,,,0,0.0,0.0,0.0
1966-07-31,0,,,,,0,0.0,0.0,0.0
1966-08-31,0,,,,,0,0.0,0.0,0.0
1966-09-30,0,,,,,0,0.0,0.0,0.0
1966-10-31,0,,,,,0,0.0,0.0,0.0
1966-11-30,0,,,,,0,0.0,0.0,0.0
1966-12-31,0,,,,,0,0.0,0.0,0.0
1967-01-31,0,,,,,0,0.0,0.0,0.0
1967-02-28,0,,,,,0,0.0,0.0,0.0
1967-03-31,0,,,,,0,0.0,0.0,0.0
1967-04-30,0,,,,,0,0.0,0.0,0.0
1967-05-31,0,,,,,0,0.0,0.0,0.0
1967-06-30,0,,,,,0,0.0,0.0,0.0
1967-07-31,0,,,,,0,0.0,0.0,0.0
1967-08-31,0,,,,,0,0.0,0.0,0.0
1967-09-30,0,,,,,0,0.0,0.0,0.0
1967-10-31,0,,,,,0,0.0,0.0,0.0
1967-11-30,0,,,,,0,0.0,0.0,0.0
1967-12-31,0,,,,,0,0.0,0.0,0.0
1968-01-31,0,,,,,0,0.0,0.0,0.0
1968-02-29,0,,,,,0,0.0,0.0,0.0
1968-03-31,0,,,,,0,0.0,0.0,0.0
1968-04-30,0,,,,,0,0.0,0.0,0.0
1968-05-31,0,,,,,0,0.0,0.0,0.0
1968-06-30,0,,,,,0,0.0,0.0,0.0
1968-07-31,0,,,,,0,0.0,0.0,0.0
1968-08-31,0,,,,,0,0.0,0.0,0.0
1968-09-30,0,,,,,0,0.0,0.0,0.0
1968-10-31,0,,,,,0,0.0,0.0,0.0
1968-11-30,0,,,,,0,0.0,0.0,0.0
1968-12-31,0,,,,,0,0.0,0.0,0.0
1969-01-31,0,,,,,0,0.0,0.0,0.0
1969-02-28,0,,,,,0,0.0,0.0,0.0
1969-03-31,0,,,,,0,0.0,0.0,0.0
1969-04-30,0,,,,,0,0.0,0.0,0.0
1969-05-31,0,,,,,0,0.0,0.0,0.0
1969-06-30,0,,,,,0,0.0,0.0,0.0
1969-07-31,0,,,,,0,0.0,0.0,0.0
1969-08-31,0,,,,,0,0.0,0.0,0.0
1969-09-30,0,,,,,0,0.0,0.0,0.0
1969-10-31,0,,,,,0,0.0,0.0,0.0
1969-11-30,0,,,,,0,0.0,0.0,0.0
1969-12-31,0,,,,,0,0.0,0.0,0.0
1970-01-31,0,,,,,0,0.0,0.0,0.0
1970-02-28,0,,,,,0,0.0,0.0,0.0
1970-03-31,0,,,,,0,0.0,0.0,0.0
1970-04-30,0,,,,,0,0.0,0.0,0.0
1970-05-31,0,,,,,0,0.0,0.0,0.0
1970-06-30,0,,,,,0,0.0,0.0,0.0
1970-07-31,0,,,,,0,0.0,0.0,0.0
1970-08-31,0,,,,,0,0.0,0.0,0.0
1970-09-30,0,,,,,0,0.0,0.0,0.0
1970-10-31,0,,,,,0,0.0,0.0,0.0
1970-11-30,0,,,,,0,0.0,0.0,0.0
1970-12-31,0,,,,,0,0.0,0.0,0.0
1971-01-31,0,,,,,0,0.0,0.0,0.0
1971-02-28,0,,,,,0,0.0,0.0,0.0
1971-03-31,0,,,,,0,0.0,0.0,0.0
1971-04-30,0,,,,,0,0.0,0.0,0.0
1971-05-31,0,,,,,0,0.0,0.0,0.0
1971-06-30,0,,,,,0,0.0,0.0,0.0
1971-07-31,0,,,,,0,0.0,0.0,0.0
1971-08-31,0,,,,,0,0.0,0.0,0.0
1971-09-30,0,,,,,0,0.0,0.0,0.0
1971-10-31,0,,,,,0,0.0,0.0,0.0
1971-11-30,0,,,,,0,0.0,0.0,0.0
1971-12-31,0,,,,,0,0.0,0.0,0.0
1972-01-31,0,,,,,0,0.0,0.0,0.0
1972-02-29,0,,,,,0,0.0,0.0,0.0
1972-03-31,0,,,,,0,0.0,0.0,0.0
1972-04-30,0,,,,,0,0.0,0.0,0.0
1972-05-31,0,,,,,0,0.0,0.0,0.0
1972-06-30,0,,,,,0,0.0,0.0,0.0
1972-07-31,0,,,,,0,0.0,0.0,0.0
1972-08-31,0,,,,,0,0.0,0.0,0.0
1972-09-30,0,,,,,0,0.0,0.0,0.0
1972-10-31,0,,,,,0,0.0,0.0,0.0
1972-11-30,0,,,,,0,0.0,0.0,0.0
1972-12-31,0,,,,,0,0.0,0.0,0.0
1973-01-31,0,,,,,0,0.0,0.0,0.0
1973-02-28,0,,,,,0,0.0,0.0,0.0
1973-03-31,0,,,,,0,0.0,0.0,0.0
1973-04-30,0,,,,,0,0.0,0.0,0.0
1973-05-31,0,,,,,0,0.0,0.0,0.0
1973-06-30,0,,,,,0,0.0,0.0,0.0
1973-07-31,0,,,,,0,0.0,0.0,0.0
1973-08-31,0,,,,,0,0.0,0.0,0.0
1973-09-30,0,,,,,0,0.0,0.0,0.0
1973-10-31,0,,,,,0,0.0,0.0,0.0
1973-11-30,0,,,,,0,0.0,0.0,0.0
1973-12-31,0,,,,,0,0.0,0.0,0.0
1974-01-31,0,,,,,0,0.0,0.0,0.0
1974-02-28,0,,,,,0,0.0,0.0,0.0
1974-03-31,0,,,,,0,0.0,0.0,0.0
1974-04-30,0,,,,,0,0.0,0.0,0.0
1974-05-31,0,,,,,0,0.0,0.0,0.0
1974-06-30,0,,,,,0,0.0,0.0,0.0
1974-07-31,0,,,,,0,0.0,0.0,0.0
1974-08-31,0,,,,,0,0.0,0.0,0.0
1974-09-30,0,,,,,0,0.0,0.0,0.0
1974-10-31,0,,,,,0,0.0,0.0,0.0
1974-11-30,0,,,,,0,0.0,0.0,0.0
1974-12-31,0,,,,,0,0.0,0.0,0.0
1975-01-31,0,,,,,0,0.0,0.0,0.0
1975-02-28,0,,,,,0,0.0,0.0,0.0
1975-03-31,0,,,,,0,0.0,0.0,0.0
1975-04-30,0,,,,,0,0.0,0.0,0.0
1975-05-31,0,,,,,0,0.0,0.0,0.0
1975-06-30,0,,,,,0,0.0,0.0,0.0
1975-07-31,0,,,,,0,0.0,0.0,0.0
1975-08-31,0,,,,,0,0.0,0.0,0.0
1975-09-30,0,,,,,0,0.0,0.0,0.0
1975-10-31,0,,,,,0,0.0,0.0,0.0
1975-11-30,0,,,,,0,0.0,0.0,0.0
1975-12-31,0,,,,,0,0.0,0.0,0.0
1976-01-31,0,,,,,0,0.0,0.0,0.0
1976-02-29,0,,,,,0,0.0,0.0,0.0
1976-03-31,0,,,,,0,0.0,0.0,0.0
1976-04-30,0,,,,,0,0.0,0.0,0.0
1976-05-31,0,,,,,0,0.0,0.0,0.0
1976-06-30,0,,,,,0,0.0,0.0,0.0
1976-07-31,0,,,,,0,0.0,0.0,0.0
1976-08-31,0,,,,,0,0.0,0.0,0.0
1976-09-30,0,,,,,0,0.0,0.0,0.0
1976-10-31,0,,,,,0,0.0,0.0,0.0
1976-11-30,0,,,,,0,0.0,0.0,0.0
1976-12-31,0,,,,,0,0.0,0.0,0.0
1977-01-31,0,,,,,0,0.0,0.0,0.0
1977-02-28,0,,,,,0,0.0,0.0,0.0
1977-03-31,0,,,,,0,0.0,0.0,0.0
1977-04-30,0,,,,,0,0.0,0.0,0.0
1977-05-31,0,,,,,0,0.0,0.0,0.0
1977-06-30,0,,,,,0,0.0,0.0,0.0
1977-07-31,0,,,,,0,0.0,0.0,0.0
1977-08-31,0,,,,,0,0.0,0.0,0.0
1977-09-30,0,,,,,0,0.0,0.0,0.0
1977-10-31,0,,,,,0,0.0,0.0,0.0
1977-11-30,0,,,,,0,0.0,0.0,0.0
1977-12-31,0,,,,,0,0.0,0.0,0.0
1978-01-31,0,,,,,0,0.0,0.0,0.0
1978-02-28,0,,,,,0,0.0,0.0,0.0
1978-03-31,0,,,,,0,0.0,0.0,0.0
1978-04-30,0,,,,,0,0.0,0.0,0.0
1978-05-31,0,,,,,0,0.0,0.0,0.0
1978-06-30,0,,,,,0,0.0,0.0,0.0
1978-07-31,1,3.0247057928804963,3.9368738834897448,1.2210348760187764,-0.7470450750623946,0,0.0,0.0,0.0
1978-08-31,1,3.982167301402569,3.966628451397131,1.199477588890067,0.012954681395770919,0,0.0,0.0,0.0
1978-09-30,1,3.3548154775247383,3.968799689385494,1.1982287878642632,-0.5124098319780218,0,0.0,0.0,0.0
1978-10-31,1,3.1608590175033555,3.9576963832097958,1.2026430053501675,-0.6625718206995509,0,0.0,0.0,0.0
1978-11-30,1,1.6046672477563675,3.93375914064057,1.2350565485840883,-1.8858180182554025,1,0.49999999999999994,0.0065179756651553775,0.006017975665155378
1978-12-31,1,2.4632482759212735,3.9432769028719443,1.2211792573841411,-1.2119667264255738,1,0.007587142778505337,0.0007449633735773092,0.0007373762307988039
1979-01-31,1,2.6059963585936146,3.9357671218148917,1.228090413105917,-1.0827954921154415,1,0.0035335548267303473,0.0033789291834542268,0.0033753956286274966
1979-02-28,1,3.2251675061143033,3.9466421480884275,1.218668130219193,-0.5920189624096905,1,0.0030341502552757547,-0.003157012818206061,-0.003160046968461337
1979-03-31,1,2.746041396060548,3.9415234544958593,1.2231214154714978,-0.9774026055904419,1,0.0027064098941601247,0.007932990441595376,0.007930284031701216
1979-04-30,1,3.865864683795735,3.95720336686081,1.2158789019576686,-0.07512152971649728,0,0.5,0.0,-0.0005
1979-05-31,1,3.356653532201449,3.9633124912453677,1.2118515906360754,-0.5006049946474851,0,0.0,0.0,0.0
1979-06-30,1,2.7543102707104765,3.9547583005743947,1.2186384397005017,-0.9850731691665215,0,0.0,0.0,0.0
1979-07-31,0,,,,,0,0.0,0.0,0.0
1979-08-31,0,,,,,0,0.0,0.0,0.0
1979-09-30,0,,,,,0,0.0,0.0,0.0
1979-10-31,0,,,,,0,0.0,0.0,0.0
1979-11-30,0,,,,,0,0.0,0.0,0.0
1979-12-31,0,,,,,0,0.0,0.0,0.0
1980-01-31,0,,,,,0,0.0,0.0,0.0
1980-02-29,0,,,,,0,0.0,0.0,0.0
1980-03-31,0,,,,,0,0.0,0.0,0.0
1980-04-30,0,,,,,0,0.0,0.0,0.0
1980-05-31,0,,,,,0,0.0,0.0,0.0
1980-06-30,0,,,,,0,0.0,0.0,0.0
1980-07-31,0,,,,,0,0.0,0.0,0.0
1980-08-31,0,,,,,0,0.0,0.0,0.0
1980-09-30,0,,,,,0,0.0,0.0,0.0
1980-10-31,0,,,,,0,0.0,0.0,0.0
1980-11-30,0,,,,,0,0.0,0.0,0.0
1980-12-31,0,,,,,0,0.0,0.0,0.0
1981-01-31,0,,,,,0,0.0,0.0,0.0
1981-02-28,0,,,,,0,0.0,0.0,0.0
1981-03-31,0,,,,,0,0.0,0.0,0.0
1981-04-30,0,,,,,0,0.0,0.0,0.0
1981-05-31,0,,,,,0,0.0,0.0,0.0
1981-06-30,0,,,,,0,0.0,0.0,0.0
1981-07-31,0,,,,,0,0.0,0.0,0.0
1981-08-31,0,,,,,0,0.0,0.0,0.0
1981-09-30,0,,,,,0,0.0,0.0,0.0
1981-10-31,0,,,,,0,0.0,0.0,0.0
1981-11-30,0,,,,,0,0.0,0.0,0.0
1981-12-31,0,,,,,0,0.0,0.0,0.0
1982-01-31,0,,,,,0,0.0,0.0,0.0
1982-02-28,0,,,,,0,0.0,0.0,0.0
1982-03-31,0,,,,,0,0.0,0.0,0.0
1982-04-30,0,,,,,0,0.0,0.0,0.0
1982-05-31,0,,,,,0,0.0,0.0,0.0
1982-06-30,0,,,,,0,0.0,0.0,0.0
1982-07-31,0,,,,,0,0.0,0.0,0.0
1982-08-31,0,,,,,0,0.0,0.0,0.0
1982-09-30,0,,,,,0,0.0,0.0,0.0
1982-10-31,0,,,,,0,0.0,0.0,0.0
1982-11-30,0,,,,,0,0.0,0.0,0.0
1982-12-31,0,,,,,0,0.0,0.0,0.0
1983-01-31,0,,,,,0,0.0,0.0,0.0
1983-02-28,0,,,,,0,0.0,0.0,0.0
1983-03-31,0,,,,,0,0.0,0.0,0.0
1983-04-30,0,,,,,0,0.0,0.0,0.0
1983-05-31,0,,,,,0,0.0,0.0,0.0
1983-06-30,0,,,,,0,0.0,0.0,0.0
1983-07-31,0,,,,,0,0.0,0.0,0.0
1983-08-31,0,,,,,0,0.0,0.0,0.0
1983-09-30,0,,,,,0,0.0,0.0,0.0
1983-10-31,0,,,,,0,0.0,0.0,0.0
1983-11-30,0,,,,,0,0.0,0.0,0.0
1983-12-31,0,,,,,0,0.0,0.0,0.0
1984-01-31,0,,,,,0,0.0,0.0,0.0
1984-02-29,0,,,,,0,0.0,0.0,0.0
1984-03-31,0,,,,,0,0.0,0.0,0.0
1984-04-30,0,,,,,0,0.0,0.0,0.0
1984-05-31,0,,,,,0,0.0,0.0,0.0
1984-06-30,0,,,,,0,0.0,0.0,0.0
1984-07-31,0,,,,,0,0.0,0.0,0.0
1984-08-31,0,,,,,0,0.0,0.0,0.0
1984-09-30,0,,,,,0,0.0,0.0,0.0
1984-10-31,0,,,,,0,0.0,0.0,0.0
1984-11-30,0,,,,,0,0.0,0.0,0.0
1984-12-31,0,,,,,0,0.0,0.0,0.0
1985-01-31,0,,,,,0,0.0,0.0,0.0
1985-02-28,0,,,,,0,0.0,0.0,0.0
1985-03-31,0,,,,,0,0.0,0.0,0.0
1985-04-30,0,,,,,0,0.0,0.0,0.0
1985-05-31,0,,,,,0,0.0,0.0,0.0
1985-06-30,0,,,,,0,0.0,0.0,0.0
1985-07-31,0,,,,,0,0.0,0.0,0.0
1985-08-31,0,,,,,0,0.0,0.0,0.0
1985-09-30,0,,,,,0,0.0,0.0,0.0
1985-10-31,0,,,,,0,0.0,0.0,0.0
1985-11-30,0,,,,,0,0.0,0.0,0.0
1985-12-31,0,,,,,0,0.0,0.0,0.0
1986-01-31,0,,,,,0,0.0,0.0,0.0
1986-02-28,0,,,,,0,0.0,0.0,0.0
1986-03-31,0,,,,,0,0.0,0.0,0.0
1986-04-30,0,,,,,0,0.0,0.0,0.0
1986-05-31,0,,,,,0,0.0,0.0,0.0
1986-06-30,0,,,,,0,0.0,0.0,0.0
1986-07-31,0,,,,,0,0.0,0.0,0.0
1986-08-31,0,,,,,0,0.0,0.0,0.0
1986-09-30,0,,,,,0,0.0,0.0,0.0
1986-10-31,0,,,,,0,0.0,0.0,0.0
1986-11-30,0,,,,,0,0.0,0.0,0.0
1986-12-31,0,,,,,0,0.0,0.0,0.0
1987-01-31,0,,,,,0,0.0,0.0,0.0
1987-02-28,0,,,,,0,0.0,0.0,0.0
1987-03-31,0,,,,,0,0.0,0.0,0.0
1987-04-30,0,,,,,0,0.0,0.0,0.0
1987-05-31,0,,,,,0,0.0,0.0,0.0
1987-06-30,0,,,,,0,0.0,0.0,0.0
1987-07-31,0,,,,,0,0.0,0.0,0.0
1987-08-31,0,,,,,0,0.0,0.0,0.0
1987-09-30,0,,,,,0,0.0,0.0,0.0
1987-10-31,0,,,,,0,0.0,0.0,0.0
1987-11-30,0,,,,,0,0.0,0.0,0.0
1987-12-31,0,,,,,0,0.0,0.0,0.0
1988-01-31,0,,,,,0,0.0,0.0,0.0
1988-02-29,0,,,,,0,0.0,0.0,0.0
1988-03-31,0,,,,,0,0.0,0.0,0.0
1988-04-30,0,,,,,0,0.0,0.0,0.0
1988-05-31,0,,,,,0,0.0,0.0,0.0
1988-06-30,0,,,,,0,0.0,0.0,0.0
1988-07-31,0,,,,,0,0.0,0.0,0.0
1988-08-31,0,,,,,0,0.0,0.0,0.0
1988-09-30,0,,,,,0,0.0,0.0,0.0
1988-10-31,0,,,,,0,0.0,0.0,0.0
1988-11-30,0,,,,,0,0.0,0.0,0.0
1988-12-31,0,,,,,0,0.0,0.0,0.0
1989-01-31,0,,,,,0,0.0,0.0,0.0
1989-02-28,0,,,,,0,0.0,0.0,0.0
1989-03-31,0,,,,,0,0.0,0.0,0.0
1989-04-30,0,,,,,0,0.0,0.0,0.0
1989-05-31,0,,,,,0,0.0,0.0,0.0
1989-06-30,0,,,,,0,0.0,0.0,0.0
1989-07-31,1,20.215705402595177,20.222013800392435,0.639495527088141,-0.009864647257164336,0,0.0,0.0,0.0
1989-08-31,1,20.611933288295972,20.22696019126021,0.6413731574625736,0.6002326298761977,0,0.0,0.0,0.0
1989-09-30,1,20.42171106853428,20.227665251126556,0.6415668056755358,0.30245613658799403,0,0.0,0.0,0.0
1989-10-31,1,20.39496259738661,20.235480108722108,0.6406860078387433,0.24892456946654934,0,0.0,0.0,0.0
1989-11-30,1,20.27656341452439,20.238850842981446,0.6403556799997246,0.058893163160448306,0,0.0,0.0,0.0
1989-12-31,1,20.27162561168342,20.248021224858,0.6367494820050478,0.03707013117794954,0,0.0,0.0,0.0
1990-01-31,1,20.139279489710674,20.250408486263684,0.6360569006525739,-0.17471549548317927,0,0.0,0.0,0.0
1990-02-28,1,19.785948931147885,20.236701718765737,0.6370730065913034,-0.707537100072142,0,0.0,0.0,0.0
1990-03-31,1,19.45996719296619,20.22379462596568,0.6449172136796579,-1.184380594590391,0,0.0,0.0,0.0
1990-04-30,1,19.657716759951484,20.212308808323378,0.6488132155160314,-0.8547792108870679,0,0.0,0.0,0.0
1990-05-31,1,19.75141854172014,20.204564774994846,0.6515348799576398,-0.6955057161393515,0,0.0,0.0,0.0
1990-06-30,1,19.770758305829474,20.19833377836681,0.6539013196999222,-0.6538837889691838,0,0.0,0.0,0.0
1990-07-31,1,35.925925592601686,36.188705311211116,0.9720731968705385,-0.27032914749158243,0,0.0,0.0,0.0
1990-08-31,1,35.409791502195446,36.17507651909295,0.9772384758573256,-0.7831097892723888,0,0.0,0.0,0.0
1990-09-30,1,35.03771667995852,36.161941520118845,0.9872574623126174,-1.1387352165734606,0,0.0,0.0,0.0
1990-10-31,1,34.37676594290906,36.14575963337201,1.008557267429983,-1.7539843770802612,1,0.49999999999999994,0.0002877401566601899,-0.00021225984333981
1990-11-30,1,34.287173048117666,36.13124784632431,1.0290680404603065,-1.791985297086652,1,0.011200626861670344,-0.0011967226597680066,-0.0012079232866296769
1990-12-31,1,34.37346804676872,36.10917219360739,1.0524606614486156,-1.6491867206225395,1,0.003802922621192587,2.91798285348404e-05,2.537690591364781e-05
1991-01-31,1,34.48676952879168,36.08688002934057,1.0725698163381285,-1.4918474081359479,1,0.0023750124531120263,0.0034640494313784263,0.0034616744189253142
1991-02-28,1,35.1193721532415,36.06745395990171,1.0794549590625524,-0.8782967725522979,1,0.005934526329323574,0.005185224841345412,0.005179290315016088
1991-03-31,1,36.012525078478006,36.05885142308888,1.0777724007083422,-0.04298342078571367,0,0.5,0.0,-0.0005
1991-04-30,1,37.16137208487589,36.06467308881588,1.0828414000953666,1.0127974382614353,0,0.0,0.0,0.0
1991-05-31,1,36.89622861206533,36.06132347812067,1.079900129491937,0.7731318027875953,0,0.0,0.0,0.0
1991-06-30,1,36.47930328195588,36.06258870330725,1.0803520676235687,0.3857210914264919,0,0.0,0.0,0.0
1991-07-31,1,40.05374869502762,40.05806597166342,1.1070607689902985,-0.0038997648157409704,0,0.0,0.0,0.0
1991-08-31,1,40.48093043559507,40.048908921586424,1.101138621543229,0.39234071492576883,0,0.0,0.0,0.0
1991-09-30,1,41.38384655474246,40.056975405528455,1.1092210616120728,1.1962188558569338,0,0.0,0.0,0.0
1991-10-31,1,40.490277527939384,40.07087440936313,1.10934061454311,0.37806523359733807,0,0.0,0.0,0.0
1991-11-30,1,40.31180648445914,40.08053505505494,1.1088647861194256,0.20856594266426123,0,0.0,0.0,0.0
1991-12-31,1,39.71159697453143,40.07144632620284,1.1096291396788285,-0.3242969554454582,0,0.0,0.0,0.0
1992-01-31,1,41.65308542538594,40.08981377700802,1.1266920588999014,1.3874879440477232,0,0.0,0.0,0.0
1992-02-29,1,42.51853420874235,40.117798094778244,1.165800577400716,2.059302560406017,-1,0.4999999999999999,-0.009652931419987106,-0.010152931419987106
1992-03-31,1,43.74281558160587,40.158748139483414,1.247792946592245,2.8723254542435384,-1,0.010554322747008236,0.004469232884453741,0.004458678561706733
1992-04-30,1,43.08684144620082,40.18612021157476,1.2936469388165424,2.242281991777221,-1,0.005061997365813839,0.004141161061047432,0.004136099063681618
1992-05-31,1,42.60508615726718,40.21128941876028,1.3259168023532988,1.805389851202035,-1,0.010045557892857899,-0.00259143972979377,-0.002601485287686628
1992-06-30,1,42.936637987469396,40.23318368064816,1.3600296184440714,1.9877907584939924,-1,0.0032275321351986795,0.002202828911392722,0.0021996013792575236
1992-07-31,2,35.77654181184596,34.10332483891628,1.2129014957117403,1.379515961391261,-1,0.10125081591410004,-0.002195078132099239,-0.002296328948013339
1992-08-31,2,36.15248599859575,34.08778019329224,1.1795565554694158,1.7504084867569927,-1,0.002383241565813231,0.0016743430237191456,0.0016719597821533323
1992-09-30,2,35.848315973011665,34.06881662210133,1.1406758521134976,1.5600394692437778,-1,0.004193041492422861,0.002302352778979438,0.002298159737487015
1992-10-31,2,35.61343543114799,34.047546025345376,1.0982946934701001,1.4257461272576426,-1,0.002344331154992718,-0.003547752094719546,-0.0035500964258745387
1992-11-30,2,36.11429144269715,34.074877923714745,1.129070806701939,1.8062760164170886,-1,0.003373641024144655,-0.004319282775138173,-0.0043226564161623175
1992-12-31,2,36.805990725717834,34.1233957249073,1.1824895235320496,2.2685993807350875,-1,0.005589940869805316,-0.0005591158572885186,-0.0005647057981583239
1993-01-31,2,36.95558544533111,34.17308009552551,1.237477137660763,2.2485307123050715,-1,0.005545902707243679,0.0016336743081033223,0.0016281284053960786
1993-02-28,2,36.817771485351386,34.2263242262467,1.2813623212915126,2.0224156868392287,-1,0.010188720755699921,0.009018538081387983,0.009008349360632283
1993-03-31,2,35.665989529015405,34.25650393971207,1.2937380709819832,1.0894675057629695,-1,0.008069373623420917,3.815986257646106e-05,3.0090488953040144e-05
1993-04-30,2,35.74431126382285,34.294523947655556,1.303509605857395,1.1122183600739062,-1,0.002242915363031818,0.006568135543282818,0.006565892627919787
1993-05-31,2,34.807266208636236,34.32209942616916,1.296427321326584,0.3742336916894216,0,0.5000000000000001,0.0,-0.0005000000000000001
1993-06-30,2,35.496701669369145,34.357463519110524,1.299087603696192,0.8769525219217207,0,0.0,0.0,0.0
1993-07-31,1,39.74940063904586,38.575355996501116,1.3934527531479102,0.8425435594371546,0,0.0,0.0,0.0
1993-08-31,1,39.229309490433565,38.61055678547426,1.3826294999905282,0.4475188074343449,0,0.0,0.0,0.0
1993-09-30,1,38.760283737199416,38.64083298677261,1.365291564464718,0.08749101916090705,0,0.0,0.0,0.0
1993-10-31,1,38.66981285205247,38.666231231340944,1.3511113291471963,0.002650870164629269,0,0.0,0.0,0.0
1993-11-30,1,39.749089039787805,38.70973606565829,1.3430964673625734,0.7738483417877513,0,0.0,0.0,0.0
1993-12-31,1,40.227764124244715,38.7635146945183,1.3381104781384803,1.0942664702569356,0,0.0,0.0,0.0
1994-01-31,1,39.504839040578986,38.80820860315951,1.316819131907201,0.5290251489667543,0,0.0,0.0,0.0
1994-02-28,1,39.71009514683942,38.84506592819703,1.3104773847794666,0.6600871016083673,0,0.0,0.0,0.0
1994-03-31,1,38.77023979795308,38.866725551708136,1.2980570427265583,-0.07433090425085384,0,0.0,0.0,0.0
1994-04-30,1,38.53525119706853,38.87834156859988,1.2918012199144644,-0.26559068550350473,0,0.0,0.0,0.0
1994-05-31,1,38.42479738262409,38.88623763150701,1.2874777241529676,-0.35840639432149984,0,0.0,0.0,0.0
1994-06-30,1,38.678900181831466,38.888639747658246,1.286945206397405,-0.1629747442114587,0,0.0,0.0,0.0
1994-07-31,1,44.1378998859808,44.379992939571906,1.356399553842415,-0.17848210942365994,0,0.0,0.0,0.0
1994-08-31,1,44.63650120475819,44.37581265802087,1.3551954916758615,0.19236231845410565,0,0.0,0.0,0.0
1994-09-30,1,45.034890137293246,44.38366107388841,1.3576650743010907,0.47966842171297575,0,0.0,0.0,0.0
1994-10-31,1,45.2951227222714,44.3939044164244,1.362253573091826,0.6615642811650413,0,0.0,0.0,0.0
1994-11-30,1,44.68438381111122,44.39028609019259,1.3611704172249979,0.21606238072540704,0,0.0,0.0,0.0
1994-12-31,1,44.26377542271632,44.38185561591551,1.3603474628982513,-0.08680149477958983,0,0.0,0.0,0.0
1995-01-31,1,44.235491057237766,44.37085891903946,1.3587925665690654,-0.09962364023192982,0,0.0,0.0,0.0
1995-02-28,1,44.87076529954811,44.38333819830614,1.3599062345173305,0.35842699214844875,0,0.0,0.0,0.0
1995-03-31,1,45.45655961769182,44.41208288571029,1.3641237450854202,0.7656759408701067,0,0.0,0.0,0.0
1995-04-30,1,45.417151229787635,44.4446742997012,1.3643917174993774,0.7127549351213944,0,0.0,0.0,0.0
1995-05-31,1,45.430813475046705,44.4818561319644,1.3602865331017104,0.6976157743166829,0,0.0,0.0,0.0
1995-06-30,1,46.09896963257273,44.53136130118637,1.3642484543233635,1.1490636668258924,0,0.0,0.0,0.0
1995-07-31,1,47.634933131685045,46.310023650156815,1.4580034025122908,0.908714944865886,0,0.0,0.0,0.0
1995-08-31,1,48.23795928295101,46.365766426469015,1.4668328531345602,1.2763505074768384,0,0.0,0.0,0.0
1995-09-30,1,48.80416720822683,46.44290832749587,1.4714023539380976,1.6047676384445262,-1,0.4999999999999999,-0.0030811783998355956,-0.0035811783998355956
1995-10-31,1,49.38111049548144,46.54653975994246,1.4553746457312935,1.9476570818743828,-1,0.004316501159134158,-0.005028593781856229,-0.005032910283015363
1995-11-30,1,50.053349449907614,46.65395264992114,1.4725893136763089,2.308448641053836,-1,0.008339307457665576,-0.00183031330342229,-0.0018386526108799556
1995-12-31,1,50.48745253281692,46.7690967329881,1.4979440842099416,2.482306141480562,-1,0.0024469246341500828,0.002165028837954408,0.0021625819133202578
1996-01-31,1,50.23827002677933,46.88062495266924,1.5030509569853878,2.233886388552253,-1,0.001658557921698424,-0.0020864018623270838,-0.002088060420248782
1996-02-29,1,50.61994677515486,46.98819393439247,1.536055918705244,2.3643363477441803,-1,0.005811193064391665,-0.0033644796327584664,-0.003370290825822858
1996-03-31,1,51.21437625289144,47.09056199832077,1.6091359112564745,2.5627507444977953,-1,0.00301472778967269,0.0026227803647950135,0.002619765637005341
1996-04-30,1,50.89285774172697,47.166639963078104,1.6788754279877036,2.219472461464936,-1,0.0028173030710235136,0.0018304663816734942,0.0018276490786024707
1996-05-31,1,50.735983872948225,47.248109355193954,1.7315684793047204,2.0142862147472003,-1,0.009045424741727773,-0.005288325667141262,-0.00529737109188299
1996-06-30,1,51.6641175970845,47.347519618670056,1.8105689427031726,2.384111356715187,-1,0.006464187838648841,-0.0009046423808048727,-0.0009111065686435214
1996-07-31,0,,,,,0,0.5,0.0,-0.0005
1996-08-31,0,,,,,0,0.0,0.0,0.0
1996-09-30,0,,,,,0,0.0,0.0,0.0
1996-10-31,0,,,,,0,0.0,0.0,0.0
1996-11-30,0,,,,,0,0.0,0.0,0.0
1996-12-31,0,,,,,0,0.0,0.0,0.0
1997-01-31,0,,,,,0,0.0,0.0,0.0
1997-02-28,0,,,,,0,0.0,0.0,0.0
1997-03-31,0,,,,,0,0.0,0.0,0.0
1997-04-30,0,,,,,0,0.0,0.0,0.0
1997-05-31,0,,,,,0,0.0,0.0,0.0
1997-06-30,0,,,,,0,0.0,0.0,0.0
1997-07-31,0,,,,,0,0.0,0.0,0.0
1997-08-31,0,,,,,0,0.0,0.0,0.0
1997-09-30,0,,,,,0,0.0,0.0,0.0
1997-10-31,0,,,,,0,0.0,0.0,0.0
1997-11-30,0,,,,,0,0.0,0.0,0.0
1997-12-31,0,,,,,0,0.0,0.0,0.0
1998-01-31,0,,,,,0,0.0,0.0,0.0
1998-02-28,0,,,,,0,0.0,0.0,0.0
1998-03-31,0,,,,,0,0.0,0.0,0.0
1998-04-30,0,,,,,0,0.0,0.0,0.0
1998-05-31,0,,,,,0,0.0,0.0,0.0
1998-06-30,0,,,,,0,0.0,0.0,0.0
1998-07-31,0,,,,,0,0.0,0.0,0.0
1998-08-31,0,,,,,0,0.0,0.0,0.0
1998-09-30,0,,,,,0,0.0,0.0,0.0
1998-10-31,0,,,,,0,0.0,0.0,0.0
1998-11-30,0,,,,,0,0.0,0.0,0.0
1998-12-31,0,,,,,0,0.0,0.0,0.0
1999-01-31,0,,,,,0,0.0,0.0,0.0
1999-02-28,0,,,,,0,0.0,0.0,0.0
1999-03-31,0,,,,,0,0.0,0.0,0.0
1999-04-30,0,,,,,0,0.0,0.0,0.0
1999-05-31,0,,,,,0,0.0,0.0,0.0
1999-06-30,0,,,,,0,0.0,0.0,0.0
1999-07-31,0,,,,,0,0.0,0.0,0.0
1999-08-31,0,,,,,0,0.0,0.0,0.0
1999-09-30,0,,,,,0,0.0,0.0,0.0
1999-10-31,0,,,,,0,0.0,0.0,0.0
1999-11-30,0,,,,,0,0.0,0.0,0.0
1999-12-31,0,,,,,0,0.0,0.0,0.0
2000-01-31,0,,,,,0,0.0,0.0,0.0
2000-02-29,0,,,,,0,0.0,0.0,0.0
2000-03-31,0,,,,,0,0.0,0.0,0.0
2000-04-30,0,,,,,0,0.0,0.0,0.0
2000-05-31,0,,,,,0,0.0,0.0,0.0
2000-06-30,0,,,,,0,0.0,0.0,0.0
2000-07-31,0,,,,,0,0.0,0.0,0.0
2000-08-31,0,,,,,0,0.0,0.0,0.0
2000-09-30,0,,,,,0,0.0,0.0,0.0
2000-10-31,0,,,,,0,0.0,0.0,0.0
2000-11-30,0,,,,,0,0.0,0.0,0.0
2000-12-31,0,,,,,0,0.0,0.0,0.0
2001-01-31,0,,,,,0,0.0,0.0,0.0
2001-02-28,0,,,,,0,0.0,0.0,0.0
2001-03-31,0,,,,,0,0.0,0.0,0.0
2001-04-30,0,,,,,0,0.0,0.0,0.0
2001-05-31,0,,,,,0,0.0,0.0,0.0
2001-06-30,0,,,,,0,0.0,0.0,0.0
2001-07-31,2,16.374078849951463,15.903572579312424,1.347325352599648,0.3492150353522276,0,0.0,0.0,0.0
2001-08-31,2,15.180373491137328,15.87672796930844,1.345387684919502,-0.5175864815596091,0,0.0,0.0,0.0
2001-09-30,2,14.697327317008831,15.830713523870232,1.337572583459735,-0.8473455727761776,0,0.0,0.0,0.0
2001-10-31,2,13.275849358924752,15.75855879207771,1.3568614814113864,-1.8297442054073807,1,0.5000000000000001,0.018611502592767594,0.018111502592767594
2001-11-30,2,14.19220483213676,15.710822327990968,1.3608053288490223,-1.115969686228863,1,0.0136493518729277,-0.006088949494989431,-0.006102598846862359
2001-12-31,2,14.430349332732614,15.667431350898822,1.359411830308085,-0.9100126912135565,1,0.004665197410163385,0.009032035349963653,0.009027370152553489
2002-01-31,2,15.038260645398392,15.63281703690282,1.3483209692880609,-0.44096057618859474,0,0.5,0.0,-0.0005
2002-02-28,2,14.251510137272,15.582374520477513,1.3423272892604954,-0.9914604238871603,0,0.0,0.0,0.0
2002-03-31,2,13.682734250236045,15.537150831247258,1.360037344442393,-1.3635041630209885,0,0.0,0.0,0.0
2002-04-30,2,14.202173292084563,15.512064256974663,1.3706847489363971,-0.9556471434489431,0,0.0,0.0,0.0
2002-05-31,2,14.1600447939452,15.494043284119632,1.3813711188335618,-0.9657060814336906,0,0.0,0.0,0.0
2002-06-30,2,13.616285917176135,15.44695564772677,1.3965949154296755,-1.3108093909875167,0,0.0,0.0,0.0
2002-07-31,1,-21.825273613004455,-18.094568294736813,1.8157066619785345,-2.054685041581759,1,0.49999999999999994,0.014576244701526096,0.014076244701526096
2002-08-31,1,-21.114008175339066,-18.15499519487179,1.855094386392031,-1.5950740847328273,1,0.013386939504615687,0.005482704635362667,0.005469317695858051
2002-09-30,1,-20.928277085721348,-18.198076052852276,1.8892441523738572,-1.4451287460323976,1,0.005844191025808333,-0.008580644731748084,-0.008586488922773892
2002-10-31,1,-21.20030493154566,-18.241613121224564,1.9280837527723726,-1.5345245278203405,1,0.006300195226309379,0.00022231275224646532,0.00021601255702015593
2002-11-30,1,-21.24496565560156,-18.287742396032872,1.9665415605542336,-1.5037685034916068,1,0.0062215511290819245,-0.006886333235421094,-0.006892554786550176
2002-12-31,1,-21.54688748096217,-18.34833846621144,2.010269096369534,-1.5911049025860171,1,0.005047767830104424,-0.000868130337872388,-0.0008731781057024924
2003-01-31,1,-21.535515668730312,-18.41318942555298,2.0495557215788884,-1.5234161288242651,1,0.0038255818954834077,0.0005452916865028839,0.0005414661046074004
2003-02-28,1,-21.494212986445476,-18.478471287464554,2.084561225151811,-1.4467033458138396,1,0.002967282849080495,-0.005786319594790839,-0.005789286877639919
2003-03-31,1,-21.689979294559123,-18.546692703426054,2.121860943606921,-1.4813819918801285,1,0.003913119516672944,0.0004185905042568545,0.00041467738474018157
2003-04-30,1,-21.681248540892014,-18.614936082800043,2.15603079537848,-1.4222025328509726,1,0.002253898160563643,-0.00018925757545648625,-0.00019151147361704988
2003-05-31,1,-21.763714199843633,-18.68516343490738,2.1891280525187655,-1.4062908569437662,1,0.002291670510772635,-0.011674935892391741,-0.011677227562902515
2003-06-30,1,-22.231764004830524,-18.77245233223689,2.2246967102610795,-1.5549587755661598,1,0.007679200316522493,-0.001503521281121488,-0.0015112004814380104
2003-07-31,1,27.045283225269486,26.01817371606479,1.731024973261658,0.5933533744862038,1,0.8858543600828888,0.006858817935304748,0.005972963575221859
2003-08-31,1,27.467297048781518,26.084283250355522,1.7088532290399807,0.8093227521961971,1,0.00934716526614611,0.005452075661268556,0.00544272849600241
2003-09-30,1,27.820749182746738,26.166768587451585,1.670159429216771,0.9903130002809339,1,0.006366303848522284,-0.010426034678476151,-0.010432400982324673
2003-10-31,1,27.283830807082495,26.232477430392347,1.634283215429442,0.6433116162267402,1,0.005348021424918151,-0.0018085803953000502,-0.0018139284167249684
2003-11-30,1,27.404394464885115,26.30565660036126,1.585277643496188,0.6930886012501173,1,0.00538190423732085,0.0038064385627700446,0.0038010566585327237
2003-12-31,1,27.654050810157855,26.379947822115692,1.540932197479465,0.8268390978696141,1,0.0052520405211051585,-0.004736192283578716,-0.004741444324099822
2004-01-31,1,27.526950960742056,26.448937884381074,1.4967163343230605,0.7202520956307655,1,0.005015765115685848,-0.002906582671174933,-0.0029115984362906187
2004-02-29,1,27.493050867543673,26.517374619807647,1.4473949825318082,0.6740912187144353,1,0.006505196913636331,-0.0002453037784575819,-0.00025180897537121827
2004-03-31,1,27.516342403606956,26.596207728162668,1.367335267656026,0.672940058820864,1,0.0036364416377334466,0.00477408965310031,0.004770453211462577
2004-04-30,1,27.740532949016227,26.680855532524333,1.2736287045102477,0.8320143953565926,1,0.0036019056729798826,0.003052207480660093,0.003048605574987113
2004-05-31,1,27.807498377364453,26.753005043962904,1.210181117665515,0.871351666299096,1,0.005408241628412629,0.0007437289437872167,0.0007383207021588041
2004-06-30,1,27.870849678513878,26.823146499815063,1.1483966472936684,0.9123182144147232,1,0.0008690287284518969,0.00810893403279038,0.008108065004061927
2004-07-31,1,17.64463135731637,17.436696593695764,1.1220421387051767,0.18531814131380203,0,0.5,0.0,-0.0005
2004-08-31,1,17.45650190407676,17.47865103409413,1.0730694516310029,-0.02064091003961239,0,0.0,0.0,0.0
2004-09-30,1,17.40311872065456,17.52085920418077,1.0170932054745372,-0.11576174424572579,0,0.0,0.0,0.0
2004-10-31,1,17.915307014622215,17.561492263946572,0.9821692060145653,0.3602380816960733,0,0.0,0.0,0.0
2004-11-30,1,18.125738884761915,17.611302500400942,0.9316167574039793,0.5521974355576097,0,0.0,0.0,0.0
2004-12-31,1,18.578100786298023,17.654159348117975,0.915556624405263,1.0091581596935435,0,0.0,0.0,0.0
2005-01-31,1,18.45363762621878,17.683362833389662,0.912592608451565,0.8440510976043023,0,0.0,0.0,0.0
2005-02-28,1,18.28304297731873,17.71175297705622,0.9041311081404362,0.6318663246058455,0,0.0,0.0,0.0
2005-03-31,1,18.33687944106299,17.716737575198643,0.90677968029214,0.68389475342517,0,0.0,0.0,0.0
2005-04-30,1,18.407726454304907,17.740057403383716,0.9062495101538468,0.7367386613073545,0,0.0,0.0,0.0
2005-05-31,1,18.110440776631833,17.767902985440085,0.8911594942510215,0.3843731603618675,0,0.0,0.0,0.0
2005-06-30,1,18.465313863488035,17.801910289288447,0.8778731913641276,0.7556940805638739,0,0.0,0.0,0.0
2005-07-31,1,-13.175747934853689,-12.707345099667073,0.9682992952102357,-0.4837376599400675,0,0.0,0.0,0.0
2005-08-31,1,-13.5908165449016,-12.718719358953127,0.974687781057311,-0.8947451716307029,0,0.0,0.0,0.0
2005-09-30,1,-13.689920842197722,-12.736159999893497,0.98264845450689,-0.9706022921318684,0,0.0,0.0,0.0
2005-10-31,1,-13.89718611639907,-12.753629567075983,0.9939411027369175,-1.150527477105221,0,0.0,0.0,0.0
2005-11-30,1,-13.723973311559405,-12.763462657305096,1.000663416970936,-0.9598738576471877,0,0.0,0.0,0.0
2005-12-31,1,-13.837160276878535,-12.769515338732585,1.0061175184976765,-1.0611533131240427,0,0.0,0.0,0.0
2006-01-31,1,-13.717433630399341,-12.767169465473353,1.0036973194553471,-0.9467636771627982,0,0.0,0.0,0.0
2006-02-28,1,-14.283371524139852,-12.78064821506499,1.0186775615830304,-1.475170717159631,0,0.0,0.0,0.0
2006-03-31,1,-14.2422166616484,-12.78474024218958,1.0241237864676276,-1.423144778704825,0,0.0,0.0,0.0
2006-04-30,1,-14.490636785732477,-12.786898891636637,1.0276332808717574,-1.6579240141488332,1,0.49999999999999994,-0.0022305370289795196,-0.0027305370289795196
2006-05-31,1,-14.62922614708964,-12.792517213731566,1.0368820937206618,-1.7713768464911754,1,0.003781600156214944,0.0008163811821821701,0.0008125995820259551
2006-06-30,1,-14.529729108636843,-12.794816306845624,1.0406344169473318,-1.6671683864546125,1,0.00494274539590935,-0.0031102029000107567,-0.003115145645406666
2006-07-31,0,,,,,0,0.49999999999999994,0.0,-0.0004999999999999999
2006-08-31,0,,,,,0,0.0,0.0,0.0
2006-09-30,0,,,,,0,0.0,0.0,0.0
2006-10-31,0,,,,,0,0.0,0.0,0.0
2006-11-30,0,,,,,0,0.0,0.0,0.0
2006-12-31,0,,,,,0,0.0,0.0,0.0
2007-01-31,0,,,,,0,0.0,0.0,0.0
2007-02-28,0,,,,,0,0.0,0.0,0.0
2007-03-31,0,,,,,0,0.0,0.0,0.0
2007-04-30,0,,,,,0,0.0,0.0,0.0
2007-05-31,0,,,,,0,0.0,0.0,0.0
2007-06-30,0,,,,,0,0.0,0.0,0.0
2007-07-31,0,,,,,0,0.0,0.0,0.0
2007-08-31,0,,,,,0,0.0,0.0,0.0
2007-09-30,0,,,,,0,0.0,0.0,0.0
2007-10-31,0,,,,,0,0.0,0.0,0.0
2007-11-30,0,,,,,0,0.0,0.0,0.0
2007-12-31,0,,,,,0,0.0,0.0,0.0
2008-01-31,0,,,,,0,0.0,0.0,0.0
2008-02-29,0,,,,,0,0.0,0.0,0.0
2008-03-31,0,,,,,0,0.0,0.0,0.0
2008-04-30,0,,,,,0,0.0,0.0,0.0
2008-05-31,0,,,,,0,0.0,0.0,0.0
2008-06-30,0,,,,,0,0.0,0.0,0.0
2008-07-31,1,-4.703376934363149,-2.909195000264773,0.643102896061831,-2.7898831510251427,1,0.5,-0.022230469605969482,-0.022730469605969483
2008-08-31,1,-5.731718524578696,-2.9622605203273498,0.7372459669336957,-3.756491223369985,1,0.017088135589177836,0.001747933123718395,0.0017308449881292172
2008-09-30,1,-5.5841945754232825,-3.0101425864868077,0.810339393704397,-3.1765109890183383,1,0.0072765320062301644,-0.019651934469737835,-0.019659211001744066
2008-10-31,1,-6.8133252722658995,-3.0860383002497596,0.9414881341859579,-3.958931437026423,1,0.013422711857039797,0.003062190951094265,0.0030487682392372254
2008-11-30,1,-7.128027500991664,-3.1735641046164296,1.063354080196838,-3.718858534537453,1,0.010674784022167136,0.01747206559605645,0.01746139081203428
2008-12-31,1,-6.44204184019236,-3.2493004923064572,1.1306511862003392,-2.8238075428155818,1,0.019409547781164035,-0.0010357347054445049,-0.001055144253225669
2009-01-31,1,-6.420186787430964,-3.323557309416451,1.1896277080525206,-2.60302400242833,1,0.007865319938848106,0.012100527630162047,0.0120926623102232
2009-02-28,1,-5.994378723827225,-3.394102393868977,1.2205364261693084,-2.1304373013424076,1,0.021273355087381443,0.0036065586948875877,0.0035852853398002063
2009-03-31,1,-6.082521107184789,-3.466273227447699,1.2494901217142014,-2.0938523916842215,1,0.011425871303222396,-0.010221897052808813,-0.010233322924112036
2009-04-30,1,-6.306592313512027,-3.5426728478126877,1.2808178199613585,-2.157933331832255,1,0.006849482913972249,-0.009571052371032132,-0.009577901853946105
2009-05-31,1,-6.40293261215146,-3.6141189070747206,1.3188918273161832,-2.11451284124772,1,0.01459689715873623,0.001803451811550668,0.0017888549143919318
2009-06-30,1,-6.216647540366864,-3.6825400837957147,1.3458227770785025,-1.882942910263536,1,0.006320888111923835,-0.0028414998148697888,-0.002847820702981713
2009-07-31,1,-12.288465044068971,-11.623959913550493,0.8711378729169106,-0.7628013328056266,1,0.35309153484460226,-0.009106711018997023,-0.009459802553841625
2009-08-31,1,-12.380307081075642,-11.650921212371873,0.8690589697649617,-0.8392823664210411,1,0.005575311501052307,-0.022754444485286008,-0.02276001979678706
2009-09-30,1,-13.129224544988006,-11.694163216681414,0.8770887354760272,-1.6361643585899357,1,0.013874906764889587,0.00044998034794867595,0.00043610544118378634
2009-10-31,1,-12.964486952392605,-11.733956552372895,0.8796975558536038,-1.398810752436023,1,0.0026990548783848156,0.015276812768047297,0.015274113713168912
2009-11-30,1,-12.460857183088422,-11.762427687842068,0.8750289644148666,-0.798178715962156,1,0.01179387751724744,0.0013314554385694191,0.0013196615610521717
2009-12-31,1,-12.300339432471105,-11.786719420451195,0.869279455541173,-0.5908571849315752,1,0.0028667777865595163,0.002954374799689796,0.002951508021903237
2010-01-31,1,-12.036043002650814,-11.807828451155284,0.8594820407818546,-0.26552567786980996,0,0.5,0.0,-0.0005
2010-02-28,1,-11.727987690342474,-11.823582171798316,0.8489732671177256,0.11260010786957626,0,0.0,0.0,0.0
2010-03-31,1,-12.061848241818439,-11.842711741525992,0.8410263118238278,-0.2605584358201976,0,0.0,0.0,0.0
2010-04-30,1,-12.01142904677971,-11.851602158425775,0.8399243470688486,-0.19028724302575087,0,0.0,0.0,0.0
2010-05-31,1,-11.84474228528427,-11.856232517255673,0.8390937278453148,0.013693621570631365,0,0.0,0.0,0.0
2010-06-30,1,-12.097260120841412,-11.864286597924492,0.8390486116049743,-0.27766391564760046,0,0.0,0.0,0.0
2010-07-31,1,-16.423350170694093,-16.857804090610454,0.969872007463901,0.4479497465365623,0,0.0,0.0,0.0
2010-08-31,1,-15.843733488287299,-16.82548007942484,0.9708269222167762,1.0112478019210982,0,0.0,0.0,0.0
2010-09-30,1,-15.427345232800548,-16.783057323483657,0.9754481947209451,1.389835050205767,0,0.0,0.0,0.0
2010-10-31,1,-14.860239757524994,-16.731248609076076,0.9937835031618344,1.882712729279824,-1,0.5,-0.008855069645180786,-0.009355069645180786
2010-11-30,1,-14.249148366383167,-16.668193986232648,1.0292167499731881,2.3503752925829264,-1,0.006070103036428669,-0.001780079655169904,-0.0017861497582063327
2010-12-31,1,-14.086565414140253,-16.60719178371896,1.0717979506917767,2.3517738282218255,-1,0.0071868313093252836,0.0062672502508890025,0.006260063419579677
2011-01-31,1,-14.149921454282591,-16.55269395022742,1.1121513613294025,2.1604725575057455,-1,0.004764261138471791,-0.0022046144095209403,-0.0022093786706594122
2011-02-28,1,-13.985861431380286,-16.494956217410426,1.1539114439225107,2.1744257752578755,-1,0.004307348982379898,0.0008630123249057532,0.0008587049759233732
2011-03-31,1,-13.876456583523037,-16.441543751207114,1.1995823095818772,2.1383169351489983,-1,0.0021004076495384875,-0.00953579959046952,-0.009537899998119059
2011-04-30,1,-13.29551893570617,-16.37544592351975,1.2613152708037818,2.4418375477614522,-1,0.006186727281420687,-0.005130592967104164,-0.005136779694385585
2011-05-31,1,-12.929451486358218,-16.30435050934046,1.3325374212593908,2.5326861138298087,-1,0.0035777743108537105,-0.00581460041616402,-0.005818178190474874
2011-06-30,1,-12.660267325939998,-16.224549894840116,1.4043052850906232,2.5381109127351227,-1,0.0038445332709571896,-0.00045873794488570816,-0.00046258247815666537
2011-07-31,0,,,,,0,0.5,0.0,-0.0005
2011-08-31,0,,,,,0,0.0,0.0,0.0
2011-09-30,0,,,,,0,0.0,0.0,0.0
2011-10-31,0,,,,,0,0.0,0.0,0.0
2011-11-30,0,,,,,0,0.0,0.0,0.0
2011-12-31,0,,,,,0,0.0,0.0,0.0
2012-01-31,0,,,,,0,0.0,0.0,0.0
2012-02-29,0,,,,,0,0.0,0.0,0.0
2012-03-31,0,,,,,0,0.0,0.0,0.0
2012-04-30,0,,,,,0,0.0,0.0,0.0
2012-05-31,0,,,,,0,0.0,0.0,0.0
2012-06-30,0,,,,,0,0.0,0.0,0.0
2012-07-31,0,,,,,0,0.0,0.0,0.0
2012-08-31,0,,,,,0,0.0,0.0,0.0
2012-09-30,0,,,,,0,0.0,0.0,0.0
2012-10-31,0,,,,,0,0.0,0.0,0.0
2012-11-30,0,,,,,0,0.0,0.0,0.0
2012-12-31,0,,,,,0,0.0,0.0,0.0
2013-01-31,0,,,,,0,0.0,0.0,0.0
2013-02-28,0,,,,,0,0.0,0.0,0.0
2013-03-31,0,,,,,0,0.0,0.0,0.0
2013-04-30,0,,,,,0,0.0,0.0,0.0
2013-05-31,0,,,,,0,0.0,0.0,0.0
2013-06-30,0,,,,,0,0.0,0.0,0.0
2013-07-31,0,,,,,0,0.0,0.0,0.0
2013-08-31,0,,,,,0,0.0,0.0,0.0
2013-09-30,0,,,,,0,0.0,0.0,0.0
2013-10-31,0,,,,,0,0.0,0.0,0.0
2013-11-30,0,,,,,0,0.0,0.0,0.0
2013-12-31,0,,,,,0,0.0,0.0,0.0
2014-01-31,0,,,,,0,0.0,0.0,0.0
2014-02-28,0,,,,,0,0.0,0.0,0.0
2014-03-31,0,,,,,0,0.0,0.0,0.0
2014-04-30,0,,,,,0,0.0,0.0,0.0
2014-05-31,0,,,,,0,0.0,0.0,0.0
2014-06-30,0,,,,,0,0.0,0.0,0.0
2014-07-31,0,,,,,0,0.0,0.0,0.0
2014-08-31,0,,,,,0,0.0,0.0,0.0
2014-09-30,0,,,,,0,0.0,0.0,0.0
2014-10-31,0,,,,,0,0.0,0.0,0.0
2014-11-30,0,,,,,0,0.0,0.0,0.0
2014-12-31,0,,,,,0,0.0,0.0,0.0
2015-01-31,0,,,,,0,0.0,0.0,0.0
2015-02-28,0,,,,,0,0.0,0.0,0.0
2015-03-31,0,,,,,0,0.0,0.0,0.0
2015-04-30,0,,,,,0,0.0,0.0,0.0
2015-05-31,0,,,,,0,0.0,0.0,0.0
2015-06-30,0,,,,,0,0.0,0.0,0.0
2015-07-31,0,,,,,0,0.0,0.0,0.0
2015-08-31,0,,,,,0,0.0,0.0,0.0
2015-09-30,0,,,,,0,0.0,0.0,0.0
2015-10-31,0,,,,,0,0.0,0.0,0.0
2015-11-30,0,,,,,0,0.0,0.0,0.0
2015-12-31,0,,,,,0,0.0,0.0,0.0
2016-01-31,0,,,,,0,0.0,0.0,0.0
2016-02-29,0,,,,,0,0.0,0.0,0.0
2016-03-31,0,,,,,0,0.0,0.0,0.0
2016-04-30,0,,,,,0,0.0,0.0,0.0
2016-05-31,0,,,,,0,0.0,0.0,0.0
2016-06-30,0,,,,,0,0.0,0.0,0.0
2016-07-31,0,,,,,0,0.0,0.0,0.0
2016-08-31,0,,,,,0,0.0,0.0,0.0
2016-09-30,0,,,,,0,0.0,0.0,0.0
2016-10-31,0,,,,,0,0.0,0.0,0.0
2016-11-30,0,,,,,0,0.0,0.0,0.0
2016-12-31,0,,,,,0,0.0,0.0,0.0
2017-01-31,0,,,,,0,0.0,0.0,0.0
2017-02-28,0,,,,,0,0.0,0.0,0.0
2017-03-31,0,,,,,0,0.0,0.0,0.0
2017-04-30,0,,,,,0,0.0,0.0,0.0
2017-05-31,0,,,,,0,0.0,0.0,0.0
2017-06-30,0,,,,,0,0.0,0.0,0.0
2017-07-31,0,,,,,0,0.0,0.0,0.0
2017-08-31,0,,,,,0,0.0,0.0,0.0
2017-09-30,0,,,,,0,0.0,0.0,0.0
2017-10-31,0,,,,,0,0.0,0.0,0.0
2017-11-30,0,,,,,0,0.0,0.0,0.0
2017-12-31,0,,,,,0,0.0,0.0,0.0
2018-01-31,0,,,,,0,0.0,0.0,0.0
2018-02-28,0,,,,,0,0.0,0.0,0.0
2018-03-31,0,,,,,0,0.0,0.0,0.0
2018-04-30,0,,,,,0,0.0,0.0,0.0
2018-05-31,0,,,,,0,0.0,0.0,0.0
2018-06-30,0,,,,,0,0.0,0.0,0.0
2018-07-31,0,,,,,0,0.0,0.0,0.0
2018-08-31,0,,,,,0,0.0,0.0,0.0
2018-09-30,0,,,,,0,0.0,0.0,0.0
2018-10-31,0,,,,,0,0.0,0.0,0.0
2018-11-30,0,,,,,0,0.0,0.0,0.0
2018-12-31,0,,,,,0,0.0,0.0,0.0
2019-01-31,0,,,,,0,0.0,0.0,0.0
2019-02-28,0,,,,,0,0.0,0.0,0.0
2019-03-31,0,,,,,0,0.0,0.0,0.0
2019-04-30,0,,,,,0,0.0,0.0,0.0
2019-05-31,0,,,,,0,0.0,0.0,0.0
2019-06-30,0,,,,,0,0.0,0.0,0.0
2019-07-31,0,,,,,0,0.0,0.0,0.0
2019-08-31,0,,,,,0,0.0,0.0,0.0
2019-09-30,0,,,,,0,0.0,0.0,0.0
2019-10-31,0,,,,,0,0.0,0.0,0.0
2019-11-30,0,,,,,0,0.0,0.0,0.0
2019-12-31,0,,,,,0,0.0,0.0,0.0
2020-01-31,0,,,,,0,0.0,0.0,0.0
2020-02-29,0,,,,,0,0.0,0.0,0.0
2020-03-31,0,,,,,0,0.0,0.0,0.0
2020-04-30,0,,,,,0,0.0,0.0,0.0
2020-05-31,0,,,,,0,0.0,0.0,0.0
2020-06-30,0,,,,,0,0.0,0.0,0.0
2020-07-31,1,-18.08852887292666,-19.866237643772582,0.5666986677787977,3.136955973116606,-1,0.5,0.008530475801341073,0.008030475801341072
2020-08-31,1,-18.296204316507282,-19.854432579733032,0.5917764235834699,2.633136774510184,-1,0.004853169352500193,-0.013032042765519806,-0.013036895934872306
2020-09-30,1,-18.01439393892625,-19.83077045294037,0.6356265806990296,2.8576157278013175,-1,0.00898677288861395,-0.011235843527163877,-0.01124483030005249
2020-10-31,1,-17.728968472798485,-19.793847018449842,0.6908618190608471,2.9888444963688094,-1,0.00731325292653608,-0.003042450102093513,-0.003049763355020049
2020-11-30,1,-17.655383909469645,-19.750409953153174,0.7410612031820254,2.8270621032213605,-1,0.0057402352082516275,-0.03853425016215216,-0.03853999039736041
2020-12-31,1,-16.919937143302757,-19.703168682192427,0.8262513544553935,3.368504661301498,-1,0.01688685449911298,-0.033400816630689396,-0.03341770348518851
2021-01-31,1,-16.203951085675115,-19.642245372969214,0.9412957087171183,3.6527249146605723,-1,0.017343226405960626,-0.01852064268058031,-0.01853798590698627
2021-02-28,1,-15.776994530702133,-19.557867616466467,1.052482176589614,3.5923393002393618,-1,0.015019579449161866,0.00047549069194636855,0.0004604711124972067
2021-03-31,1,-15.805077874226392,-19.471094249963873,1.1414685043904769,3.211666692192323,-1,0.007498323652413728,0.028879031274619296,0.028871532950966883
2021-04-30,1,-16.501940872848003,-19.39668350622488,1.18694330839802,2.4388213092365953,-1,0.01814469835327219,0.0014437349408438485,0.0014255902424905762
2021-05-31,1,-16.54435210611155,-19.326445978905493,1.2289322890120087,2.263830072387949,-1,0.0041774191672626325,0.012302975346402446,0.012298797927235183
2021-06-30,1,-16.845029699206318,-19.261919137885652,1.2560441249521699,1.9242074308268184,-1,0.010769830503566977,-0.022006143286227534,-0.0220169131167311
2021-07-31,2,-29.339690253017267,-29.94242432142706,0.9459982223722188,0.6371408044492453,-1,0.6120667095192633,0.003683703549045389,0.0030716368395261257
2021-08-31,2,-29.463105386670435,-29.917314946092745,0.938232506880268,0.4841119403681816,0,0.5,0.0,-0.0005
2021-09-30,2,-29.50379732286632,-29.894386654707496,0.9311028482782068,0.41949107186542706,0,0.0,0.0,0.0
2021-10-31,2,-29.690705342194406,-29.873974074716564,0.9217162780512353,0.1988342149165897,0,0.0,0.0,0.0
2021-11-30,2,-29.583203037145807,-29.850621566377708,0.9107919612360382,0.2936109897906717,0,0.0,0.0,0.0
2021-12-31,2,-29.69908729815299,-29.828575268842393,0.8978785406328614,0.14421546437465277,0,0.0,0.0,0.0
2022-01-31,2,-29.966658146351165,-29.80711544257171,0.8784024408470432,-0.1816282564351795,0,0.0,0.0,0.0
2022-02-28,2,-30.339049254351522,-29.793550278077536,0.8634231986797184,-0.6317863327139255,0,0.0,0.0,0.0
2022-03-31,2,-30.451148906489493,-29.78663065530664,0.8563144552672759,-0.7760212934574832,0,0.0,0.0,0.0
2022-04-30,2,-30.367470450965243,-29.778034724109368,0.8476649056097841,-0.6953640795496341,0,0.0,0.0,0.0
2022-05-31,2,-30.792073115960477,-29.77568041924978,0.8445923960079619,-1.2034120855394423,0,0.0,0.0,0.0
2022-06-30,2,-31.07302978267353,-29.78079990329935,0.8515979831064575,-1.517417731146316,1,0.5,0.008674787628518518,0.008174787628518518
2022-07-31,2,-12.576252689519926,-10.903164946687902,1.4560873409819288,-1.1490297976931512,1,0.6188816782842468,0.024606659141373378,0.02398777746308913
2022-08-31,2,-11.921140145943752,-10.907378356914649,1.4587024222332015,-0.6949750501387971,1,0.012415392885708247,0.015718681116979716,0.015706265724094007
2022-09-30,2,-11.487777722035787,-10.902191025700937,1.4560288518583688,-0.4021806955181213,0,0.5,0.0,-0.0005
2022-10-31,2,-11.581105860589439,-10.905461268807432,1.4573511214652677,-0.4636113986742549,0,0.0,0.0,0.0
2022-11-30,2,-11.780489611289148,-10.907873084855742,1.4586993531822294,-0.5982154749912977,0,0.0,0.0,0.0
2022-12-31,2,-12.480733509627917,-10.920923244533036,1.4693491672076748,-1.061565419510951,0,0.0,0.0,0.0
2023-01-31,2,-12.591876622605064,-10.934861125274384,1.4813185220516303,-1.1186085049660408,0,0.0,0.0,0.0
2023-02-28,2,-11.665408570480153,-10.928013151442194,1.4768955192906534,-0.499287464418693,0,0.0,0.0,0.0
2023-03-31,2,-11.634355209575986,-10.921851978235022,1.4730968234551767,-0.48367712155523773,0,0.0,0.0,0.0
2023-04-30,2,-12.240229994538566,-10.933807665695722,1.4809475889625192,-0.8821529800106301,0,0.0,0.0,0.0
2023-05-31,2,-12.552813445338046,-10.95242175829432,1.4943246627904632,-1.0709799061036678,0,0.0,0.0,0.0
2023-06-30,2,-12.216046953048497,-10.97722923782489,1.5028596695834773,-0.8243069797507775,0,0.0,0.0,0.0
2023-07-31,1,-11.095346796613967,-10.058947818267892,1.6165475604592316,-0.6411187667448847,0,0.0,0.0,0.0
2023-08-31,1,-10.948848923332548,-10.082081606816427,1.6192277863745033,-0.5352967160085843,0,0.0,0.0,0.0
2023-09-30,1,-11.717647038043353,-10.123868701913048,1.6286759298944349,-0.9785730278666349,0,0.0,0.0,0.0
2023-10-31,1,-12.189136390938778,-10.167604727199642,1.6485264591992852,-1.2262658281633072,0,0.0,0.0,0.0
2023-11-30,1,-13.08147468797901,-10.20848818057688,1.6900440570679558,-1.6999476998170402,1,0.49999999999999994,0.0027890139468771807,0.0022890139468771807
2023-12-31,1,-13.000921340601451,-10.245669053212707,1.72674893356147,-1.595629934286947,1,0.004160375330869814,0.03158652553055354,0.031582365155222676
2024-01-31,1,-12.09779953830791,-10.260686641450338,1.7390352016962733,-1.0563977630042412,1,0.015931367964934523,-0.02688705452901808,-0.026902985896983013
2024-02-29,1,-12.944168068695639,-10.298669140225236,1.7725841958634525,-1.4924531848157092,1,0.014099604239487655,0.0035006347150708253,0.003486535110831338
2024-03-31,1,-12.840811312130029,-10.341571349431518,1.8026922268431183,-1.3863930434066327,1,0.0037442118762831397,-0.01510684614182361,-0.015110590353699894
2024-04-30,1,-13.294714278495057,-10.38694938376406,1.842422169576212,-1.578229432291206,1,0.008406993618147071,-0.016337291813285366,-0.016345698806903515
2024-05-31,1,-13.834813688318945,-10.437191389379885,1.894797396827691,-1.793132239165744,1,0.008702704473684568,0.006383908430412257,0.006375205725938572
2024-06-30,1,-13.645027740331301,-10.483194413099929,1.9388447362035077,-1.6307821189553446,1,0.004350488529191326,-0.012133235795352294,-0.012137586283881485
2024-07-31,1,16.269133297732793,18.21471445415049,1.4251486845879338,-1.3651776670447822,1,0.3848455834820653,0.020632808341886924,0.020247962758404858
2024-08-31,1,17.223341481212373,18.215380386604483,1.4246678592385544,-0.6963299543532399,1,0.01248148443828593,-0.007118507523875963,-0.007130989008314249
2024-09-30,1,16.882631869386415,18.219835467869324,1.4199897882427,-0.9416994471050082,1,0.007283722676870524,-0.0027055636889019366,-0.002712847411578807
2024-10-31,1,16.75648176666185,18.226259167403935,1.412335760086141,-1.0406713773589085,1,0.003119677420945398,0.0034981415455610696,0.003495021868140124
2024-11-30,1,16.921407029187577,18.229956132768212,1.4085570404205383,-0.9289997252720096,1,0.0038113119111653597,0.02569887769069213,0.025695066378780964
2024-12-31,1,18.068021392221922,18.25009149152813,1.3972296194487919,-0.1303079299006242,0,0.5,0.0,-0.0005
2025-01-31,1,17.60655641308034,18.259091410153452,1.3912031113133425,-0.469043658518774,0,0.0,0.0,0.0
2025-02-28,1,17.559771313639686,18.274043409534848,1.3785175881884935,-0.5181450726601062,0,0.0,0.0,0.0
2025-03-31,1,16.610449469079526,18.268976165910047,1.3841471481999388,-1.198230042945512,0,0.0,0.0,0.0
2025-04-30,1,15.994738128160904,18.280606147307115,1.3614982782902152,-1.678935666387202,1,0.5,0.006284546344572886,0.005784546344572886
2025-05-31,1,16.303101758249653,18.286424089003514,1.3521012536414116,-1.466844532103255,1,0.007218402162583983,0.0005550788561729542,0.0005478604540103703
2025-06-30,1,16.34223562918291,18.283388261225454,1.356322453595953,-1.4311881565449718,1,0.006538703174168905,0.003179214865872266,0.003172676162698097
2025-07-31,1,15.206585496436674,16.33955680193799,0.9070875281891824,-1.2490209271899781,1,0.790099475447888,0.005925548639052106,0.005135449163604217
2025-08-31,1,15.44053911306807,16.354283134023813,0.8845493528879791,-1.0330051319041114,1,0.0029148733370858593,0.011649398662869497,0.01164648378953241
2025-09-30,1,15.832806455979323,16.37048522781348,0.8654240217937568,-0.6212894006798116,1,0.011086739610416823,-0.002998902071593653,-0.0030099888112040695
2025-10-31,1,15.661950400617627,16.389147788741084,0.8369339814228668,-0.8688826171057759,1,0.004248991203382539,-0.008118937784401488,-0.008123186775604871
2025-11-30,1,15.270772906880467,16.38736172637515,0.8392397070971557,-1.3304766326617818,1,0.007708187325683503,0.0009689534433589744,0.0009612452560332908
2025-12-31,1,15.28105177551032,16.384818481624052,0.8424040928731359,-1.3102580049785633,1,0.004501430484479381,-0.007219552537087755,-0.007224053967572234
2026-01-31,1,14.945697024461936,16.371794442354112,0.858629040462011,-1.6609005177891747,1,0.003855024884993171,0.0023350423467701723,0.0023311873218851793
